Sitio,ID,Encuentro,distancia a sendero,Distrecorr,TipoMov,Actividad,Sexo,Edad,Hora formato de 12 hrs,Hora de encuentro (F24),Mes,Fecha,Temporada,HUM,TEMPAMB,TC,TS,LHC,Peso ,HOJA,SUELO,HERB,ARBUS,ARBO,DOSEL,altitid,Localidad,Estado,Region,Revisor
Conservado,1,1,185.0,0,Refugiado,Moviendose,Macho,Adulto,06:15pm,18:15:00,Marzo,31/03/2018,Secas,70,15,15.5,15.5,5.92,19.4,80,5,15,0,0,86.32,1526 m,Santa cruz tepetotutla Oaxaca,Oaxaca,SN,Medardo Arreortua
Conservado,1,2,190.0,4.23,Ajuste Local ,Moviendose,Macho,Adulto,07:20pm,19:20:00,Marzo,31/03/2018,Secas,75,15,14.1,14,5.92,19.4,70,10,10,0,5,91.52,1538 m,Santa cruz tepetotutla Oaxaca,Oaxaca,SN,Medardo Arreortua
Conservado,1,3,194.0,4.23,Ajuste Local ,Moviendose,Macho,Adulto,08:22pm,20:22:00,Marzo,31/03/2018,Secas,60,14.5,14.3,13.9,5.92,19.4,75,10,10,0,5,86.32,1536 m,Santa cruz tepetotutla Oaxaca,Oaxaca,SN,Medardo Arreortua
Conservado,1,4,184.4,15.13,Movimiento Exploratorio,Moviendose,Macho,Adulto,10:25pm,22:25:00,Marzo,31/03/2018,Secas,60,15.2,14.2,14.2,5.92,19.4,80,5,10,0,5,93.6,1548 m,Santa cruz tepetotutla Oaxaca,Oaxaca,SN,Medardo Arreortua
Conservado,1,6,189.0,0,Refugiado,Refugiado,Macho,Adulto,09:01am,09:01:00,Abril,01/04/2018,Secas,66,13.8,14.1,14.2,5.92,19.4,70,15,5,0,10,92.3,1562 m,Santa cruz tepetotutla Oaxaca,Oaxaca,SN,Medardo Arreortua
Conservado,1,5,189.0,8.64,Movimiento Exploratorio,Moviendose,Macho,Adulto,01:27am,01:27:00,Abril,01/04/2018,Secas,65,14,14.2,13.8,5.92,19.4,70,15,5,0,10,85.28,1562 m,Santa cruz tepetotutla Oaxaca,Oaxaca,SN,Medardo Arreortua
Conservado,1,7,196.7,8.83,Movimiento Exploratorio,Refugiado,Macho,Adulto,10:05am,10:05:00,Abril,01/04/2018,Secas,na,14,15.9,15.8,5.92,19.4,70,15,5,0,10,92.3,1534 m,Santa cruz tepetotutla Oaxaca,Oaxaca,SN,Medardo Arreortua
Conservado,1,8,192.3,6.64,Movimiento Exploratorio,Refugiado,Macho,Adulto,11:10am,11:10:00,Abril,01/04/2018,Secas,na,15,16.7,16.1,5.92,19.4,70,15,5,0,10,92.3,1540 m,Santa cruz tepetotutla Oaxaca,Oaxaca,SN,Medardo Arreortua
Conservado,1,9,199.0,3.07,Ajuste Local ,Refugiado,Macho,Adulto,12:10pm,12:10:00,Abril,01/04/2018,Secas,na,15.3,16.5,16.1,5.92,19.4,70,15,5,0,10,92.3,1546 m,Santa cruz tepetotutla Oaxaca,Oaxaca,SN,Medardo Arreortua
Conservado,1,10,190.0,6.81,Movimiento Exploratorio,Refugiado,Macho,Adulto,03:05pm,15:05:00,Abril,01/04/2018,Secas,na,16.5,17.3,17.3,5.92,19.4,70,15,5,0,10,92.3,1534 m,Santa cruz tepetotutla Oaxaca,Oaxaca,SN,Medardo Arreortua
Conservado,1,11,202.0,9.67,Movimiento Exploratorio,Refugiado,Macho,Adulto,05:07pm,17:07:00,Abril,01/04/2018,Secas,na,17.6,18,17.6,5.92,19.4,70,15,5,0,10,92.3,1543 m,Santa cruz tepetotutla Oaxaca,Oaxaca,SN,Medardo Arreortua
Conservado,1,12,213.0,18.67,Movimiento Exploratorio,Refugiado,Macho,Adulto,06:07pm,18:07:00,Abril,01/04/2018,Secas,na,16.8,17.3,17.1,5.92,19.4,70,15,5,0,10,92.3,1544 m,Santa cruz tepetotutla Oaxaca,Oaxaca,SN,Medardo Arreortua
Conservado,2,1,207.0,0,Refugiado,Moviendose,Macho,Adulto,07:00pm,19:00:00,Abril,01/04/2018,Secas,na,17,17.3,17,5.47,14.9,75,10,5,0,10,87.36,1515 m,Santa cruz tepetotutla Oaxaca,Oaxaca,SN,Medardo Arreortua
Conservado,2,4,219.0,0,Refugiado,Descansando,Macho,Adulto,10:25pm,23:25:00,Abril,01/04/2018,Secas,na,na,15.7,16.1,5.47,14.9,80,5,10,0,5,na,1526 m,Santa cruz tepetotutla Oaxaca,Oaxaca,SN,Medardo Arreortua
Conservado,2,2,188.0,17.62,Movimiento Exploratorio,Moviendose,Macho,Adulto,09:01pm,21:01:00,Abril,01/04/2018,Secas,na,na,16.1,16.5,5.47,14.9,75,15,5,0,5,85.28,1512 m,Santa cruz tepetotutla Oaxaca,Oaxaca,SN,Medardo Arreortua
Conservado,2,3,219.0,18.71,Movimiento Exploratorio,Descansando,Macho,Adulto,11:20pm,23:25:00,Abril,01/04/2018,Secas,na,na,15.7,16.1,5.47,14.9,80,5,10,0,5,83.2,1525 m,Santa cruz tepetotutla Oaxaca,Oaxaca,SN,Medardo Arreortua
Perturbado,3,1,50.0,0,Refugiado,Moviendose,Macho,Adulto,07:23pm,19:23:00,Mayo,08/05/2018,Secas,73,17,15,15,6,29.5,80,10,10,0,0,83.2,1324 m,Santa cruz tepetotutla Oaxaca,Oaxaca,SN,Medardo Arreortua
Perturbado,3,2,20.0,18.6,Movimiento Exploratorio,Moviendose,Macho,Adulto,09:10pm,21:10:00,Mayo,08/05/2018,Secas,80,14,15.1,14.6,6,29.5,20,10,60,0,10,84.24,1320 m,Santa cruz tepetotutla Oaxaca,Oaxaca,SN,Medardo Arreortua
Perturbado,3,3,3.0,5.49,Movimiento Exploratorio,Moviendose,Macho,Adulto,10:15pm,22:15:00,Mayo,08/05/2018,Secas,75,12.6,14.1,14,6,29.5,20,10,50,10,10,81.64,1324 m,Santa cruz tepetotutla Oaxaca,Oaxaca,SN,Medardo Arreortua
Perturbado,3,4,30.0,3.09,Ajuste Local ,Descansando,Macho,Adulto,11:00pm,23:00:00,Mayo,08/05/2018,Secas,70,14,14.8,14.3,6,29.5,40,10,20,15,15,86.32,1310 m,Santa cruz tepetotutla Oaxaca,Oaxaca,SN,Medardo Arreortua
Perturbado,4,1,30.0,6.59,Movimiento Exploratorio,Moviendose,Macho,Adulto,08:35pm,20:35:00,Mayo,09/05/2018,Secas,84,14.7,17.9,17,7.23,31,70,5,10,10,5,83.2,1256 m,Santa cruz tepetotutla Oaxaca,Oaxaca,SN,Medardo Arreortua
Perturbado,4,2,30.0,4.5,Ajuste Local ,Refugiado,Macho,Adulto,10:35pm,22:35:00,Mayo,09/05/2018,Secas,92,14.8,16.3,16.3,7.23,31,70,5,10,10,5,81.12,1314 m,Santa cruz tepetotutla Oaxaca,Oaxaca,SN,Medardo Arreortua
Perturbado,4,3,30.0,7.37,Movimiento Exploratorio,Refugiado,Macho,Adulto,11:35pm,23:35:00,Mayo,09/05/2018,Secas,87,14.6,16.1,16.1,7.23,31,70,5,10,10,5,83.2,1312 m,Santa cruz tepetotutla Oaxaca,Oaxaca,SN,Medardo Arreortua
Conservado,5,1,212.0,0,Refugiado,Moviendose,Macho,Adulto,11:01am,11:01:00,Agosto,22/08/2018,Lluvias,60,17.8,16.1,15.9,7.71,50.5,70,0,15,10,5,84.24,1547 m,Santa Cruz Tepetotutla,Oaxaca,SN,Medardo Arreortua
Conservado,5,2,220.3,15.8,Movimiento Exploratorio,Moviendose,Macho,Adulto,11:13am,11:13:00,Agosto,22/08/2018,Lluvias,60,17.8,16.5,16,7.71,50.5,75,0,10,10,5,84.24,1555 m,Santa Cruz Tepetotutla,Oaxaca,SN,Medardo Arreortua
Conservado,5,4,218.0,12.25,Movimiento Exploratorio,Descansando,Macho,Adulto,04:38pm,16:38:00,Agosto,22/08/2018,Lluvias,74,22.2,17.2,16.9,7.71,50.5,60,5,10,10,5,86.32,1544 m,Santa Cruz Tepetotutla,Oaxaca,SN,Medardo Arreortua
Conservado,5,3,220.0,6.9,Movimiento Exploratorio,Descansando,Macho,Adulto,01:45pm,13:45:00,Agosto,22/08/2018,Lluvias,80,20,19.9,19,7.71,50.5,75,0,10,10,5,87.36,1552 m,Santa Cruz Tepetotutla,Oaxaca,SN,Medardo Arreortua
Conservado,5,6,212.0,7.87,Movimiento Exploratorio,Descansando,Macho,Adulto,11:35pm,23:35:00,Agosto,22/08/2018,Lluvias,86,18.4,21.6,16.3,7.71,50.5,60,10,20,0,10,91.52,1551 m,Santa Cruz Tepetotutla,Oaxaca,SN,Medardo Arreortua
Conservado,5,5,213.0,12.16,Movimiento Exploratorio,Moviendose,Macho,Adulto,08:53pm,20:53:00,Agosto,22/08/2018,Lluvias,74,23.3,16.7,16.6,7.71,50.5,na,na,na,na,na,na,1529 m,Santa Cruz Tepetotutla,Oaxaca,SN,Medardo Arreortua
Conservado,5,8,220.0,0,Refugiado,Refugiado,Macho,Adulto,01:43pm,13:43:00,Agosto,23/08/2018,Lluvias,90,21.7,16.7,16.6,7.71,50.5,na,na,na,na,na,na,1543 m,Santa Cruz Tepetotutla,Oaxaca,SN,Medardo Arreortua
Conservado,5,7,220.0,11.87,Movimiento Exploratorio,Refugiado,Macho,Adulto,10:00am,10:00:00,Agosto,23/08/2018,Lluvias,90,21.7,16.7,16.6,7.71,50.5,na,na,na,na,na,na,1543 m,Santa Cruz Tepetotutla,Oaxaca,SN,Medardo Arreortua
Conservado,5,9,205.0,15.49,Movimiento Exploratorio,Refugiado,Macho,Adulto,04:02pm,16:02:00,Agosto,23/08/2018,Lluvias,90,21,na,na,7.71,50.5,,,,,,na,1548 m,Santa Cruz Tepetotutla,Oaxaca,SN,Medardo Arreortua
Conservado,5,11,217.0,2.39,Ajuste Local ,Refugiado,Macho,Adulto,09:48am,09:48:00,Agosto,24/08/2018,Lluvias,87,18.5,na,na,7.71,50.5,,,,,,na,1529 m,Santa Cruz Tepetotutla,Oaxaca,SN,Medardo Arreortua
Conservado,5,12,217.6,3.36,Ajuste Local ,Refugiado,Macho,Adulto,12:42pm,12:42:00,Agosto,24/08/2018,Lluvias,87,18,na,na,7.71,50.5,,,,,,na,1556 m,Santa Cruz Tepetotutla,Oaxaca,SN,Medardo Arreortua
Conservado,5,10,216.0,12.88,Movimiento Exploratorio,Refugiado,Macho,Adulto,08:25am,08:25:00,Agosto,24/08/2018,Lluvias,84,20.7,na,na,7.71,50.5,,,,,,na,1547 m,Santa Cruz Tepetotutla,Oaxaca,SN,Medardo Arreortua
Conservado,5,13,207.0,9.4,Movimiento Exploratorio,Refugiado,Macho,Adulto,06:56pm,18:56:00,Agosto,24/08/2018,Lluvias,86,19.3,na,na,7.71,50.5,,,,,,na,1538 m,Santa Cruz Tepetotutla,Oaxaca,SN,Medardo Arreortua
Conservado,5,14,210.0,5.38,Movimiento Exploratorio,Refugiado,Macho,Adulto,09:45pm,21:45:00,Agosto,24/08/2018,Lluvias,83,18,na,na,7.71,50.5,,,,,,na,1531 m,Santa Cruz Tepetotutla,Oaxaca,SN,Medardo Arreortua
Conservado,5,15,210.0,4.59,Ajuste Local ,Refugiado,Macho,Adulto,11:21am,11:21:00,Agosto,25/08/2018,Lluvias,85,17.9,na,na,7.71,50.5,,,,,,na,1531 m,Santa Cruz Tepetotutla,Oaxaca,SN,Medardo Arreortua
Conservado,5,16,210.0,0,Refugiado,Refugiado,Macho,Adulto,04:20pm,16:20:00,Agosto,25/08/2018,Lluvias,85,17.9,na,na,7.71,50.5,,,,,,na,1531 m,Santa Cruz Tepetotutla,Oaxaca,SN,Medardo Arreortua
Conservado,5,17,210.0,1.1,Ajuste Local ,Refugiado,Macho,Adulto,05:09pm,17:09:00,Agosto,25/08/2018,Lluvias,85,17.9,na,na,7.71,50.5,,,,,,na,1531 m,Santa Cruz Tepetotutla,Oaxaca,SN,Medardo Arreortua
Conservado,6,5,219.0,0,Refugiado,Descansando,Macho,Adulto,08:30pm,20:30:00,Agosto,22/08/2018,Lluvias,74,19.5,17.3,17.9,7.86,53.5,60,15,15,5,5,83.2,1554 m,Santa Cruz Tepetotutla,Oaxaca,SN,Medardo Arreortua
Conservado,6,1,221.0,0,Refugiado,Moviendose,Macho,Adulto,01:20pm,13:20:00,Agosto,22/08/2018,Lluvias,74,18.7,18.1,16.1,7.86,53.5,60,15,20,0,5,89.44,1554 m,Santa Cruz Tepetotutla,Oaxaca,SN,Medardo Arreortua
Conservado,6,6,219.0,0,Refugiado,Descansando,Macho,Adulto,10:40pm,22:40:00,Agosto,22/08/2018,Lluvias,86,19,.,17.9,7.86,53.5,.,.,.,.,.,na,1554 m,Santa Cruz Tepetotutla,Oaxaca,SN,Medardo Arreortua
Conservado,6,7,219.0,0,Refugiado,Descansando,Macho,Adulto,11:50pm,23:50:00,Agosto,22/08/2018,Lluvias,86,19,.,17.9,7.86,53.5,.,.,.,.,.,na,1554 m,Santa Cruz Tepetotutla,Oaxaca,SN,Medardo Arreortua
Conservado,6,4,219.0,9.1,Movimiento Exploratorio,Descansando,Macho,Adulto,06:31pm,18:31:00,Agosto,22/08/2018,Lluvias,74,19.5,17.3,17.9,7.86,53.5,60,15,15,5,5,81.12,1554 m,Santa Cruz Tepetotutla,Oaxaca,SN,Medardo Arreortua
Conservado,6,3,219.0,6.45,Movimiento Exploratorio,Moviendose,Macho,Adulto,04:30pm,16:30:00,Agosto,22/08/2018,Lluvias,75,19,17.7,18,7.86,53.5,60,20,15,0,5,83.2,1542 m,Santa Cruz Tepetotutla,Oaxaca,SN,Medardo Arreortua
Conservado,6,2,221.0,6.25,Movimiento Exploratorio,Moviendose,Macho,Adulto,01:27pm,13:27:00,Agosto,22/08/2018,Lluvias,79,17,17.5,17,7.86,53.5,65,10,20,0,5,85.28,1553 m,Santa Cruz Tepetotutla,Oaxaca,SN,Medardo Arreortua
Conservado,6,8,219.0,0,Refugiado,Descansando,Macho,Adulto,01:00am,01:00:00,Agosto,23/08/2018,Lluvias,86,19,.,17.9,7.86,53.5,.,.,.,.,.,na,1554 m,Santa Cruz Tepetotutla,Oaxaca,SN,Medardo Arreortua
Conservado,6,9,219.0,0,Refugiado,Descansando,Macho,Adulto,09:40am,09:40:00,Agosto,23/08/2018,Lluvias,86,19,.,17.9,7.86,53.5,.,.,.,.,.,na,1554 m,Santa Cruz Tepetotutla,Oaxaca,SN,Medardo Arreortua
Conservado,6,10,219.0,0,Refugiado,Descansando,Macho,Adulto,11:55am,11:55:00,Agosto,23/08/2018,Lluvias,86,19,.,17.9,7.86,53.5,.,.,.,.,.,na,1554 m,Santa Cruz Tepetotutla,Oaxaca,SN,Medardo Arreortua
Conservado,6,11,219.0,0,Refugiado,Descansando,Macho,Adulto,02:00pm,14:00:00,Agosto,23/08/2018,Lluvias,86,19,.,17.9,7.86,53.5,.,.,.,.,.,na,1554 m,Santa Cruz Tepetotutla,Oaxaca,SN,Medardo Arreortua
Conservado,6,12,221.0,6.63,Movimiento Exploratorio,Refugiado,Macho,Adulto,02:00pm,14:00:00,Agosto,23/08/2018,Lluvias,90,20,na,na,7.86,53.5,70,0,20,0,10,na,1531 m,Santa Cruz Tepetotutla,Oaxaca,SN,Medardo Arreortua
Conservado,6,13,213.0,8.64,Movimiento Exploratorio,Refugiado,Macho,Adulto,08:02pm,20:02:00,Agosto,23/08/2018,Lluvias,90,20,na,na,7.86,53.5,70,0,20,0,10,na,1543 m,Santa Cruz Tepetotutla,Oaxaca,SN,Medardo Arreortua
Conservado,6,14,218.0,3.93,Ajuste Local ,Refugiado,Macho,Adulto,10:04am,10:04:00,Agosto,24/08/2018,Lluvias,88,17.6,17.2,17.1,7.86,53.5,70,5,15,0,10,na,1534 m,Santa Cruz Tepetotutla,Oaxaca,SN,Medardo Arreortua
Conservado,6,15,218.0,0,Refugiado,Refugiado,Macho,Adulto,11:56am,11:56:00,Agosto,24/08/2018,Lluvias,88,17.6,17.2,17.1,7.86,53.5,70,5,15,0,10,na,1534 m,Santa Cruz Tepetotutla,Oaxaca,SN,Medardo Arreortua
Conservado,6,16,218.0,4.9,Ajuste Local ,Refugiado,Macho,Adulto,12:46pm,12:46:00,Agosto,24/08/2018,Lluvias,88,na,na,na,7.86,53.5,70,5,15,0,10,na,1552 m,Santa Cruz Tepetotutla,Oaxaca,SN,Medardo Arreortua
Conservado,6,18,218.0,0,Refugiado,Refugiado,Macho,Adulto,07:13pm,19:13:00,Agosto,24/08/2018,Lluvias,88,19,na,na,7.86,53.5,.,.,.,.,.,na,1539 m,Santa Cruz Tepetotutla,Oaxaca,SN,Medardo Arreortua
Conservado,6,19,218.0,0,Refugiado,Refugiado,Macho,Adulto,09:27pm,21:27:00,Agosto,24/08/2018,Lluvias,84,18.9,na,na,7.86,53.5,70,5,15,0,10,na,1539 m,Santa Cruz Tepetotutla,Oaxaca,SN,Medardo Arreortua
Conservado,6,20,218.0,0,Refugiado,Refugiado,Macho,Adulto,11:12pm,23:12:00,Agosto,24/08/2018,Lluvias,84,18.9,na,na,7.86,53.5,70,5,15,0,10,na,1539 m,Santa Cruz Tepetotutla,Oaxaca,SN,Medardo Arreortua
Conservado,6,17,218.0,7.36,Movimiento Exploratorio,Refugiado,Macho,Adulto,04:50pm,16:50:00,Agosto,24/08/2018,Lluvias,87,19,na,na,7.86,53.5,.,.,.,.,.,na,1539 m,Santa Cruz Tepetotutla,Oaxaca,SN,Medardo Arreortua
Conservado,6,21,218.0,0,Refugiado,Refugiado,Macho,Adulto,12:45am,00:45:00,Agosto,25/08/2018,Lluvias,84,18.9,na,na,7.86,53.5,70,5,15,0,10,na,1539 m,Santa Cruz Tepetotutla,Oaxaca,SN,Medardo Arreortua
Conservado,6,22,218.0,0,Refugiado,Refugiado,Macho,Adulto,09:10am,09:10:00,Agosto,25/08/2018,Lluvias,84,18.9,na,na,7.86,53.5,70,5,15,0,10,na,1539 m,Santa Cruz Tepetotutla,Oaxaca,SN,Medardo Arreortua
Conservado,6,23,218.0,0,Refugiado,Refugiado,Macho,Adulto,11:25am,11:25:00,Agosto,25/08/2018,Lluvias,84,18.9,na,na,7.86,53.5,70,5,15,0,10,na,1539 m,Santa Cruz Tepetotutla,Oaxaca,SN,Medardo Arreortua
Conservado,6,25,216.0,9,Movimiento Exploratorio,Refugiado,Macho,Adulto,10:59am,10:59:00,Agosto,25/08/2018,Lluvias,93,20.4,18.5,18.6,7.86,53.5,70,5,15,0,10,na,1539 m,Santa Cruz Tepetotutla,Oaxaca,SN,Medardo Arreortua
Conservado,6,24,216.0,7.66,Movimiento Exploratorio,Refugiado,Macho,Adulto,04:22pm,16:22:00,Agosto,25/08/2018,Lluvias,92,19.2,17.8,17.7,7.86,53.5,70,5,15,0,10,na,1539 m,Santa Cruz Tepetotutla,Oaxaca,SN,Medardo Arreortua
Conservado,6,27,216.0,17.65,Movimiento Exploratorio,Moviendose,Macho,Adulto,10:36am,10:36:00,Agosto,26/08/2018,Lluvias,91,19.1,17.1,17.6,7.86,53.5,70,5,15,0,10,91.52,1539 m,Santa Cruz Tepetotutla,Oaxaca,SN,Medardo Arreortua
Conservado,6,28,216.0,29.88,Movimiento Exploratorio,Descansando,Macho,Adulto,06:29pm,18:29:00,Agosto,26/08/2018,Lluvias,93,18.1,17.1,17.6,7.86,53.5,70,10,10,0,10,91.52,1539 m,Santa Cruz Tepetotutla,Oaxaca,SN,Medardo Arreortua
Conservado,6,29,216.0,12.35,Movimiento Exploratorio,Moviendose,Macho,Adulto,11:09am,11:09:00,Agosto,26/08/2018,Lluvias,93,18.1,17.6,17.4,7.86,53.5,30,0,20,10,40,95.68,1539 m,Santa Cruz Tepetotutla,Oaxaca,SN,Medardo Arreortua
Conservado,6,26,216.0,13.3,Movimiento Exploratorio,Refugiado,Macho,Adulto,02:55am,02:55:00,Agosto,26/08/2018,Lluvias,85,17.2,16.2,15.5,7.86,53.5,70,5,15,0,10,na,1539 m,Santa Cruz Tepetotutla,Oaxaca,SN,Medardo Arreortua
Conservado,7,3,215.8,2.45,Ajuste Local ,Moviendose,Hembra,Adulto,06:34pm,18:34:00,Agosto,22/08/2018,Lluvias,75,18.6,17.1,17.1,10.43,108.5,na,na,na,na,na,81.12,1553 m,Santa Cruz Tepetotutla,Oaxaca,SN,Medardo Arreortua
Conservado,7,5,212.0,3.36,Ajuste Local ,Descansando,Hembra,Adulto,11:15pm,23:15:00,Agosto,22/08/2018,Lluvias,86,17.8,16.1,16.1,10.43,108.5,50,10,10,10,20,84.24,1553 m,Santa Cruz Tepetotutla,Oaxaca,SN,Medardo Arreortua
Conservado,7,0,216.0,0,Refugiado,Moviendose,Hembra,Adulto,01:14pm,13:14:00,Agosto,22/08/2018,Lluvias,82,19.9,16.7,16.1,10.43,108.5,40,10,20,10,20,85.28,1553 m,Santa Cruz Tepetotutla,Oaxaca,SN,Medardo Arreortua
Conservado,7,2,217.0,0,Refugiado,Descansando,Hembra,Adulto,04:35pm,16:35:00,Agosto,22/08/2018,Lluvias,74,22,16.9,16,10.43,108.5,40,10,25,10,15,89.44,1551 m,Santa Cruz Tepetotutla,Oaxaca,SN,Medardo Arreortua
Conservado,7,1,216.0,8.03,Movimiento Exploratorio,Descansando,Hembra,Adulto,01:37pm,13:37:00,Agosto,22/08/2018,Lluvias,74,22,16.9,16,10.43,108.5,40,10,20,10,20,85.28,1551 m,Santa Cruz Tepetotutla,Oaxaca,SN,Medardo Arreortua
Conservado,7,4,215.0,5.63,Movimiento Exploratorio,Descansando,Hembra,Adulto,08:45pm,20:45:00,Agosto,22/08/2018,Lluvias,85,21.8,16.7,16.6,10.43,108.5,na,na,na,na,na,na,1528 m,Santa Cruz Tepetotutla,Oaxaca,SN,Medardo Arreortua
Conservado,7,7,228.0,4.55,Ajuste Local ,Hidratandose,Hembra,Adulto,03:59pm,15:59:00,Agosto,23/08/2018,Lluvias,84,21,19,19.8,10.43,108.5,40,30,10,0,5,86.84,1545 m,Santa Cruz Tepetotutla,Oaxaca,SN,Medardo Arreortua
Conservado,7,6,228.0,12.47,Movimiento Exploratorio,Descansando,Hembra,Adulto,01:33pm,13:33:00,Agosto,23/08/2018,Lluvias,88,18,17,16.8,10.43,108.5,50,10,10,15,15,87.36,1535 m,Santa Cruz Tepetotutla,Oaxaca,SN,Medardo Arreortua
Conservado,7,8,247.0,11.49,Movimiento Exploratorio,Refugiado,Hembra,Adulto,06:10pm,18:10:00,Agosto,23/08/2018,Lluvias,86,20.8,na,na,10.43,108.5,40,30,10,0,5,na,1546 m,Santa Cruz Tepetotutla,Oaxaca,SN,Medardo Arreortua
Conservado,7,9,247.0,11.49,Movimiento Exploratorio,Refugiado,Hembra,Adulto,08:14pm,20:14:00,Agosto,23/08/2018,Lluvias,86,20.8,na,na,10.43,108.5,40,30,10,0,5,na,1546 m,Santa Cruz Tepetotutla,Oaxaca,SN,Medardo Arreortua
Conservado,7,10,231.0,10.66,Movimiento Exploratorio,Refugiado,Hembra,Adulto,09:56am,09:56:00,Agosto,24/08/2018,Lluvias,89,17.6,17,16.8,10.43,108.5,40,10,20,0,15,na,1533 m,Santa Cruz Tepetotutla,Oaxaca,SN,Medardo Arreortua
Conservado,7,11,243.0,6.25,Movimiento Exploratorio,Refugiado,Hembra,Adulto,12:36pm,12:36:00,Agosto,24/08/2018,Lluvias,na,na,na,na,10.43,108.5,.,.,.,.,.,na,1553 m,Santa Cruz Tepetotutla,Oaxaca,SN,Medardo Arreortua
Conservado,7,12,226.0,12.77,Movimiento Exploratorio,Refugiado,Hembra,Adulto,02:07pm,14:07:00,Agosto,24/08/2018,Lluvias,86,20.6,na,na,10.43,108.5,.,.,.,.,.,na,1537 m,Santa Cruz Tepetotutla,Oaxaca,SN,Medardo Arreortua
Conservado,7,13,226.0,12.77,Movimiento Exploratorio,Refugiado,Hembra,Adulto,04:22pm,16:22:00,Agosto,24/08/2018,Lluvias,86,20.6,na,na,10.43,108.5,.,.,.,.,.,na,1537 m,Santa Cruz Tepetotutla,Oaxaca,SN,Medardo Arreortua
Conservado,7,14,226.0,12.77,Movimiento Exploratorio,Refugiado,Hembra,Adulto,07:07pm,19:07:00,Agosto,24/08/2018,Lluvias,86,20.6,na,na,10.43,108.5,.,.,.,.,.,na,1537 m,Santa Cruz Tepetotutla,Oaxaca,SN,Medardo Arreortua
Conservado,7,15,224.0,5.38,Movimiento Exploratorio,Refugiado,Hembra,Adulto,09:38pm,21:38:00,Agosto,24/08/2018,Lluvias,85,17.8,na,na,10.43,108.5,.,.,.,.,.,na,1530 m,Santa Cruz Tepetotutla,Oaxaca,SN,Medardo Arreortua
Conservado,7,17,217.0,0,Refugiado,Refugiado,Hembra,Adulto,04:54pm,16:54:00,Agosto,25/08/2018,Lluvias,88,18,na,na,10.43,108.5,.,.,.,.,.,na,1530 m,Santa Cruz Tepetotutla,Oaxaca,SN,Medardo Arreortua
Conservado,7,16,217.0,20,Movimiento Exploratorio,Refugiado,Hembra,Adulto,11:25am,11:25:00,Agosto,25/08/2018,Lluvias,88,18,na,na,10.43,108.5,.,.,.,.,.,na,1530 m,Santa Cruz Tepetotutla,Oaxaca,SN,Medardo Arreortua
Conservado,8,1,167.7,0,Refugiado,Moviendose,Macho,Adulto,04:10pm,16:10:00,Agosto,24/08/2018,Lluvias,90,19.2,19.2,19.1,7.2,40.5,70,5,15,5,5,84.24,1542 m,Santa Cruz Tepetotutla,Oaxaca,SN,Medardo Arreortua
Conservado,8,2,123.0,0,Refugiado,Moviendose,Macho,Adulto,06:37pm,18:37:00,Agosto,24/08/2018,Lluvias,87,19.7,18.2,18.1,7.2,40.5,70,5,15,5,5,84.24,1527 m,Santa Cruz Tepetotutla,Oaxaca,SN,Medardo Arreortua
Conservado,8,3,129.0,11.06,Movimiento Exploratorio,Moviendose,Macho,Adulto,08:38pm,20:38:00,Agosto,24/08/2018,Lluvias,88,21.9,17.2,16.9,7.2,40.5,70,5,15,5,5,84.24,1535 m,Santa Cruz Tepetotutla,Oaxaca,SN,Medardo Arreortua
Conservado,8,5,138.0,0,Refugiado,Refugiado,Macho,Adulto,02:11pm,14:11:00,Agosto,25/08/2018,Lluvias,89,19.1,16.1,16,7.2,40.5,70,5,10,10,5,na,1535 m,Santa Cruz Tepetotutla,Oaxaca,SN,Medardo Arreortua
Conservado,8,7,124.0,0,Refugiado,Refugiado,Macho,Adulto,07:00pm,19:00:00,Agosto,25/08/2018,Lluvias,92,19.3,18.3,18.1,7.2,40.5,70,5,10,10,5,na,1535 m,Santa Cruz Tepetotutla,Oaxaca,SN,Medardo Arreortua
Conservado,8,8,124.0,0,Refugiado,Refugiado,Macho,Adulto,07:50pm,19:50:00,Agosto,25/08/2018,Lluvias,92,18.4,18,18.5,7.2,40.5,60,10,15,5,10,na,1535 m,Santa Cruz Tepetotutla,Oaxaca,SN,Medardo Arreortua
Conservado,8,6,136.0,5.8,Movimiento Exploratorio,Moviendose,Macho,Adulto,06:43pm,18:43:00,Agosto,25/08/2018,Lluvias,93,19.8,18.5,18.6,7.2,40.5,60,10,15,5,10,83.2,1535 m,Santa Cruz Tepetotutla,Oaxaca,SN,Medardo Arreortua
Conservado,8,4,138.0,8.64,Movimiento Exploratorio,Refugiado,Macho,Adulto,09:10am,09:10:00,Agosto,25/08/2018,Lluvias,89,19.1,16.1,16,7.2,40.5,70,5,10,10,5,na,1535 m,Santa Cruz Tepetotutla,Oaxaca,SN,Medardo Arreortua
Conservado,8,13,124.0,0,Refugiado,Refugiado,Macho,Adulto,06:22pm,18:22:00,Agosto,26/08/2018,Lluvias,80,18,na,na,7.2,40.5,50,20,15,5,10,87.36,1535 m,Santa Cruz Tepetotutla,Oaxaca,SN,Medardo Arreortua
Conservado,8,14,124.0,0,Refugiado,Refugiado,Macho,Adulto,11:22pm,23:22:00,Agosto,26/08/2018,Lluvias,80,18,na,na,7.2,40.5,50,20,15,5,10,87.36,1535 m,Santa Cruz Tepetotutla,Oaxaca,SN,Medardo Arreortua
Conservado,8,10,124.0,10.77,Movimiento Exploratorio,Moviendose,Macho,Adulto,10:12am,10:12:00,Agosto,26/08/2018,Lluvias,85,16.5,16,15.3,7.2,40.5,50,20,15,5,10,87.36,1535 m,Santa Cruz Tepetotutla,Oaxaca,SN,Medardo Arreortua
Conservado,8,12,124.0,21.96,Movimiento Exploratorio,Refugiado,Macho,Adulto,02:10pm,14:10:00,Agosto,26/08/2018,Lluvias,80,18,na,na,7.2,40.5,50,20,15,5,10,87.36,1535 m,Santa Cruz Tepetotutla,Oaxaca,SN,Medardo Arreortua
Conservado,8,9,124.0,7.81,Movimiento Exploratorio,Moviendose,Macho,Adulto,03:26am,03:26:00,Agosto,26/08/2018,Lluvias,92,21.4,17.1,16.9,7.2,40.5,60,10,15,5,10,na,1535 m,Santa Cruz Tepetotutla,Oaxaca,SN,Medardo Arreortua
Conservado,8,11,124.0,0,Refugiado,Refugiado,Macho,Adulto,10:50am,10:50:00,Agosto,27/08/2018,Lluvias,80,18,na,na,7.2,40.5,50,20,15,5,10,87.36,1535 m,Santa Cruz Tepetotutla,Oaxaca,SN,Medardo Arreortua
Perturbado,9,0,104.0,0,Refugiado,Moviendose,Macho,Adulto,11:12:33 p. m.,23:12:33,Agosto,23/08/2018,Lluvias,92,17.5,18.3,18,6.92,27.5,na,na,na,na,na,na,1295 m,Santa Cruz Tepetotutla,Oaxaca,SN,Medardo Arreortua
Perturbado,9,1,96.6,5.76,Movimiento Exploratorio,Moviendose,Macho,Adulto,10:18:30 a. m.,10:18:30,Agosto,24/08/2018,Lluvias,80,19,17.7,17.3,6.92,27.5,na,na,na,na,na,na,1288 m,Santa Cruz Tepetotutla,Oaxaca,SN,Medardo Arreortua
Perturbado,9,2,106.0,10.12,Movimiento Exploratorio,Moviendose,Macho,Adulto,06:08:16 p. m.,18:08:16,Agosto,24/08/2018,Lluvias,na,na,18.2,17.6,6.92,27.5,na,na,na,na,na,na,1321 m,Santa Cruz Tepetotutla,Oaxaca,SN,Medardo Arreortua
Perturbado,9,3,109.0,26.09,Movimiento Exploratorio,Moviendose,Macho,Adulto,12:09:43 a. m.,00:09:43,Agosto,25/08/2018,Lluvias,na,na,20.6,20.5,6.92,27.5,na,na,na,na,na,na,1314 m,Santa Cruz Tepetotutla,Oaxaca,SN,Medardo Arreortua
Perturbado,9,8,127.0,9.81,Movimiento Exploratorio,Descansando,Macho,Adulto,11:25:34 p. m.,23:25:34,Agosto,25/08/2018,Lluvias,na,na,20,20,6.92,27.5,na,na,na,na,na,88.4,1313 m,Santa Cruz Tepetotutla,Oaxaca,SN,Medardo Arreortua
Perturbado,9,4,110.0,3.87,Ajuste Local ,Moviendose,Macho,Adulto,02:37:31 a. m.,02:37:31,Agosto,25/08/2018,Lluvias,na,na,20.8,20.6,6.92,27.5,na,na,na,na,na,na,1322 m,Santa Cruz Tepetotutla,Oaxaca,SN,Medardo Arreortua
Perturbado,9,5,127.0,0,Refugiado,Refugiado,Macho,Adulto,10:06:37 a. m.,10:06:37,Agosto,25/08/2018,Lluvias,na,na,18.7,18.9,6.92,27.5,na,na,na,na,na,na,1241 m,Santa Cruz Tepetotutla,Oaxaca,SN,Medardo Arreortua
Perturbado,9,6,127.0,4.38,Ajuste Local ,Descansando,Macho,Adulto,10:44:37 a. m.,10:44:37,Agosto,25/08/2018,Lluvias,na,na,18.4,18.2,6.92,27.5,na,na,na,na,na,na,1301 m,Santa Cruz Tepetotutla,Oaxaca,SN,Medardo Arreortua
Perturbado,9,7,128.0,2.45,Ajuste Local ,Descansando,Macho,Adulto,06:48:57 p. m.,18:48:57,Agosto,25/08/2018,Lluvias,na,na,17.4,17.3,6.92,27.5,na,na,na,na,na,88.4,1304 m,Santa Cruz Tepetotutla,Oaxaca,SN,Medardo Arreortua
Perturbado,9,9,126.0,5.63,Movimiento Exploratorio,Descansando,Macho,Adulto,03:12:28 a. m.,03:12:28,Agosto,26/08/2018,Lluvias,na,na,18.1,18,6.92,27.5,na,na,na,na,na,83.2,1312 m,Santa Cruz Tepetotutla,Oaxaca,SN,Medardo Arreortua
Perturbado,9,10,129.0,0,Refugiado,Descansando,Macho,Adulto,10:04:57 a. m.,10:04:57,Agosto,26/08/2018,Lluvias,na,na,20,19.9,6.92,27.5,na,na,na,na,na,na,1318 m,Santa Cruz Tepetotutla,Oaxaca,SN,Medardo Arreortua
Perturbado,9,11,121.0,8.91,Movimiento Exploratorio,Descansando,Macho,Adulto,10:16:43 a. m.,10:16:43,Agosto,27/08/2018,Lluvias,na,na,17.3,17.4,6.92,27.5,na,na,na,na,na,na,1277 m,Santa Cruz Tepetotutla,Oaxaca,SN,Medardo Arreortua
Perturbado,9,12,124.0,7.17,Movimiento Exploratorio,Descansando,Macho,Adulto,12:24:25 a. m.,00:24:25,Agosto,28/08/2018,Lluvias,na,na,17.3,17.4,6.92,27.5,na,na,na,na,na,na,1288 m,Santa Cruz Tepetotutla,Oaxaca,SN,Medardo Arreortua
Perturbado,9,13,124.0,3.36,Ajuste Local ,Descansando,Macho,Adulto,11:22:20 a. m.,11:22:20,Agosto,28/08/2018,Lluvias,na,na,20.2,19.9,6.92,27.5,na,na,na,na,na,na,1381 m,Santa Cruz Tepetotutla,Oaxaca,SN,Medardo Arreortua
Perturbado,10,0,109.0,0,Refugiado,Moviendose,Hembra,Adulto,12:00:01 a. m.,00:00:01,Agosto,24/08/2018,Lluvias,na,na,19.6,19.6,8.59,45.5,70,10,10,5,5,89.44,1322 m,Santa Cruz Tepetotutla,Oaxaca,SN,Medardo Arreortua
Perturbado,10,2,113.0,8.85,Movimiento Exploratorio,Descansando,Hembra,Adulto,06:20:20 p. m.,18:20:20,Agosto,24/08/2018,Lluvias,na,na,17.5,17.9,8.59,45.5,60,5,20,5,10,86.32,1320 m,Santa Cruz Tepetotutla,Oaxaca,SN,Medardo Arreortua
Perturbado,10,1,102.0,12.9,Movimiento Exploratorio,Descansando,Hembra,Adulto,10:09:01 a. m.,10:09:01,Agosto,24/08/2018,Lluvias,na,na,18.6,18.5,8.59,45.5,60,5,20,5,10,86.32,1290 m,Santa Cruz Tepetotutla,Oaxaca,SN,Medardo Arreortua
Perturbado,10,3,105.0,12.35,Movimiento Exploratorio,Moviendose,Hembra,Adulto,11:56:46 p. m.,23:56:46,Agosto,24/08/2018,Lluvias,na,na,17.5,17.5,8.59,45.5,50,10,10,10,20,na,1313 m,Santa Cruz Tepetotutla,Oaxaca,SN,Medardo Arreortua
Perturbado,10,5,102.0,4.38,Ajuste Local ,Moviendose,Hembra,Adulto,02:41:25 a. m.,02:41:25,Agosto,25/08/2018,Lluvias,na,na,18.8,18.8,8.59,45.5,40,40,5,10,5,na,1320 m,Santa Cruz Tepetotutla,Oaxaca,SN,Medardo Arreortua
Perturbado,10,7,102.0,5.41,Movimiento Exploratorio,Moviendose,Hembra,Adulto,06:54:22 p. m.,18:54:22,Agosto,25/08/2018,Lluvias,na,na,17,17.3,8.59,45.5,40,20,20,10,10,na,1303 m,Santa Cruz Tepetotutla,Oaxaca,SN,Medardo Arreortua
Perturbado,10,4,112.0,6.35,Movimiento Exploratorio,Moviendose,Hembra,Adulto,12:31:07 a. m.,00:31:07,Agosto,25/08/2018,Lluvias,na,na,20.3,20,8.59,45.5,60,10,10,5,5,na,1314 m,Santa Cruz Tepetotutla,Oaxaca,SN,Medardo Arreortua
Perturbado,10,8,97.0,6.63,Movimiento Exploratorio,Moviendose,Hembra,Adulto,11:31:27 p. m.,23:31:27,Agosto,25/08/2018,Lluvias,na,na,19.5,18.8,8.59,45.5,30,20,30,10,10,na,1311 m,Santa Cruz Tepetotutla,Oaxaca,SN,Medardo Arreortua
Perturbado,10,6,106.0,8.76,Movimiento Exploratorio,Moviendose,Hembra,Adulto,10:16:07 a. m.,10:16:07,Agosto,25/08/2018,Lluvias,na,na,17.9,17.8,8.59,45.5,50,30,10,10,10,na,1258 m,Santa Cruz Tepetotutla,Oaxaca,SN,Medardo Arreortua
Perturbado,10,11,107.0,1.06,Ajuste Local ,Moviendose,Hembra,Adulto,07:16:01 p. m.,19:16:01,Agosto,26/08/2018,Lluvias,na,na,21.1,20.9,8.59,45.5,50,10,30,5,5,na,1298 m,Santa Cruz Tepetotutla,Oaxaca,SN,Medardo Arreortua
Perturbado,10,10,106.0,6.38,Movimiento Exploratorio,Moviendose,Hembra,Adulto,10:06:47 a. m.,10:06:47,Agosto,26/08/2018,Lluvias,na,na,18.9,18.8,8.59,45.5,40,10,20,20,10,na,1314 m,Santa Cruz Tepetotutla,Oaxaca,SN,Medardo Arreortua
Perturbado,10,9,105.0,7.87,Movimiento Exploratorio,Moviendose,Hembra,Adulto,03:15:31 a. m.,03:15:31,Agosto,26/08/2018,Lluvias,na,na,17.6,17.8,8.59,45.5,40,5,30,10,5,na,1309 m,Santa Cruz Tepetotutla,Oaxaca,SN,Medardo Arreortua
Perturbado,10,12,134.0,39.82,Movimiento Exploratorio,Descansando,Hembra,Adulto,10:34:53 a. m.,10:34:53,Agosto,27/08/2018,Lluvias,na,na,16.8,17,8.59,45.5,50,10,30,5,5,na,1287 m,Santa Cruz Tepetotutla,Oaxaca,SN,Medardo Arreortua
Perturbado,10,13,136.0,2.4,Ajuste Local ,Moviendose,Hembra,Adulto,12:33:37 a. m.,00:33:37,Agosto,28/08/2018,Lluvias,81,27.3,19.1,19.3,8.59,45.5,60,15,10,5,10,na,1290 m,Santa Cruz Tepetotutla,Oaxaca,SN,Medardo Arreortua
Perturbado,10,14,135.0,2.45,Ajuste Local ,Moviendose,Hembra,Adulto,11:31:26 a. m.,11:31:26,Agosto,28/08/2018,Lluvias,85,26.5,16,16.1,8.59,45.5,20,10,50,10,5,na,1359 m,Santa Cruz Tepetotutla,Oaxaca,SN,Medardo Arreortua
Perturbado,10,19,127.0,0,Refugiado,Moviendose,Hembra,Adulto,11:40:02 p. m.,23:40:02,Agosto,29/08/2018,Lluvias,73,18.7,19.6,19.4,8.59,45.5,20,20,30,30,0,na,1303 m,Santa Cruz Tepetotutla,Oaxaca,SN,Medardo Arreortua
Perturbado,10,15,134.0,3.18,Ajuste Local ,Moviendose,Hembra,Adulto,02:02:20 a. m.,02:02:20,Agosto,29/08/2018,Lluvias,76,26.2,19.4,19.2,8.59,45.5,50,10,5,5,20,na,1308 m,Santa Cruz Tepetotutla,Oaxaca,SN,Medardo Arreortua
Perturbado,10,18,129.0,8.37,Movimiento Exploratorio,Moviendose,Hembra,Adulto,07:31:35 p. m.,19:31:35,Agosto,29/08/2018,Lluvias,72,19.7,18.1,18,8.59,45.5,50,25,15,5,5,na,1319 m,Santa Cruz Tepetotutla,Oaxaca,SN,Medardo Arreortua
Perturbado,10,16,170.0,40.06,Movimiento Exploratorio,Moviendose,Hembra,Adulto,08:59:03 a. m.,08:59:03,Agosto,29/08/2018,Lluvias,86,20,20.5,20.5,8.59,45.5,40,20,20,10,10,na,1233 m,Santa Cruz Tepetotutla,Oaxaca,SN,Medardo Arreortua
Perturbado,10,17,129.0,44.55,Movimiento Exploratorio,Moviendose,Hembra,Adulto,04:38:27 p. m.,16:38:27,Agosto,29/08/2018,Lluvias,73,23.5,18.6,18.7,8.59,45.5,60,10,5,10,15,na,1320 m,Santa Cruz Tepetotutla,Oaxaca,SN,Medardo Arreortua
Perturbado,10,20,130.0,10.12,Movimiento Exploratorio,Moviendose,Hembra,Adulto,10:44:28 a. m.,10:44:28,Agosto,30/08/2018,Lluvias,82,20.6,18.5,18.6,8.59,45.5,20,20,30,30,0,na,1306 m,Santa Cruz Tepetotutla,Oaxaca,SN,Medardo Arreortua
Perturbado,10,21,132.0,4.59,Ajuste Local ,Moviendose,Hembra,Adulto,04:40:37 p. m.,16:40:37,Agosto,31/08/2018,Lluvias,85,18.7,20.6,20.5,8.59,45.5,30,20,30,10,10,na,1315 m,Santa Cruz Tepetotutla,Oaxaca,SN,Medardo Arreortua
Perturbado,10,22,130.0,9.95,Movimiento Exploratorio,Moviendose,Hembra,Adulto,10:41:25 p. m.,22:41:25,Agosto,31/08/2018,Lluvias,na,na,18.7,18.6,8.59,45.5,20,20,30,20,10,na,1310 m,Santa Cruz Tepetotutla,Oaxaca,SN,Medardo Arreortua
Perturbado,11,1,1.0,3.04,Ajuste Local ,Moviendose,Hembra,Adulto,03:57:19 a. m.,03:57:19,Agosto,24/08/2018,Lluvias,78,17,16.8,16,9.56,92.5,20,10,40,20,5,82.16,1250 m,Santa Cruz Tepetotutla,Oaxaca,SN,Medardo Arreortua
Perturbado,11,0,1.9,0,Refugiado,Moviendose,Hembra,Adulto,02:00:34 a. m.,02:00:34,Agosto,24/08/2018,Lluvias,na,18,18.6,17.4,9.56,92.5,30,5,40,10,10,83.2,1231 m,Santa Cruz Tepetotutla,Oaxaca,SN,Medardo Arreortua
Perturbado,11,2,4.0,7.5,Movimiento Exploratorio,Moviendose,Hembra,Adulto,11:36:28 a. m.,11:36:28,Agosto,24/08/2018,Lluvias,80,17.6,20.1,20,9.56,92.5,30,10,20,20,10,81.12,1230 m,Santa Cruz Tepetotutla,Oaxaca,SN,Medardo Arreortua
Perturbado,11,3,16.3,24.43,Movimiento Exploratorio,Moviendose,Hembra,Adulto,07:00:36 p. m.,19:00:36,Agosto,24/08/2018,Lluvias,na,na,20.7,20.5,9.56,92.5,25,10,25,20,10,81.64,1237 m,Santa Cruz Tepetotutla,Oaxaca,SN,Medardo Arreortua
Perturbado,11,4,24.9,9.4,Movimiento Exploratorio,Moviendose,Hembra,Adulto,10:46:20 p. m.,22:46:20,Agosto,24/08/2018,Lluvias,na,na,18.8,18.6,9.56,92.5,na,na,na,na,na,na,1231 m,Santa Cruz Tepetotutla,Oaxaca,SN,Medardo Arreortua
Perturbado,11,9,50.0,0,Refugiado,Descansando,Hembra,Adulto,10:31:10 p. m.,22:31:10,Agosto,25/08/2018,Lluvias,na,na,18.1,18.1,9.56,92.5,10,5,60,20,5,83.2,1202 m,Santa Cruz Tepetotutla,Oaxaca,SN,Medardo Arreortua
Perturbado,11,8,50.0,14.25,Movimiento Exploratorio,Moviendose,Hembra,Adulto,10:31:10 p. m.,22:31:10,Agosto,25/08/2018,Lluvias,na,na,19.5,19.6,9.56,92.5,30,10,25,25,10,81.12,1202 m,Santa Cruz Tepetotutla,Oaxaca,SN,Medardo Arreortua
Perturbado,11,6,34.0,7.74,Movimiento Exploratorio,Moviendose,Hembra,Adulto,04:15:00 p. m.,16:15:00,Agosto,25/08/2018,Lluvias,na,na,18,18,9.56,92.5,na,na,na,na,na,na,1220 m,Santa Cruz Tepetotutla,Oaxaca,SN,Medardo Arreortua
Perturbado,11,5,37.0,9.38,Movimiento Exploratorio,Moviendose,Hembra,Adulto,02:15:08 a. m.,02:15:08,Agosto,25/08/2018,Lluvias,na,na,18.6,18.7,9.56,92.5,na,na,na,na,na,na,1241 m,Santa Cruz Tepetotutla,Oaxaca,SN,Medardo Arreortua
Perturbado,11,7,38.0,13.82,Movimiento Exploratorio,Moviendose,Hembra,Adulto,07:39:03 p. m.,19:39:03,Agosto,25/08/2018,Lluvias,na,na,20.6,20.5,9.56,92.5,na,na,na,na,na,na,1219 m,Santa Cruz Tepetotutla,Oaxaca,SN,Medardo Arreortua
Perturbado,11,12,,6.38,Movimiento Exploratorio,Moviendose,Hembra,Adulto,08:53:25 p. m.,20:53:25,Agosto,26/08/2018,Lluvias,na,na,18.8,18.8,9.56,92.5,30,10,30,20,10,80.08,1209 m,Santa Cruz Tepetotutla,Oaxaca,SN,Medardo Arreortua
Perturbado,11,10,,11.48,Movimiento Exploratorio,Moviendose,Hembra,Adulto,02:37:43 a. m.,02:37:43,Agosto,26/08/2018,Lluvias,na,na,17.9,17.6,9.56,92.5,20,20,20,20,20,84.24,1222 m,Santa Cruz Tepetotutla,Oaxaca,SN,Medardo Arreortua
Perturbado,11,11,,5.63,Movimiento Exploratorio,Moviendose,Hembra,Adulto,10:33:02 a. m.,10:33:02,Agosto,26/08/2018,Lluvias,na,na,19.4,19.2,9.56,92.5,25,10,25,20,10,85.28,1222 m,Santa Cruz Tepetotutla,Oaxaca,SN,Medardo Arreortua
Perturbado,11,14,,17.12,Movimiento Exploratorio,Moviendose,Hembra,Adulto,11:20:14 a. m.,11:20:14,Agosto,27/08/2018,Lluvias,na,na,18.8,18.9,9.56,92.5,30,15,25,20,10,81.12,1203 m,Santa Cruz Tepetotutla,Oaxaca,SN,Medardo Arreortua
Perturbado,11,13,,11.11,Movimiento Exploratorio,Moviendose,Hembra,Adulto,01:02:05 a. m.,01:02:05,Agosto,27/08/2018,Lluvias,na,na,18.8,18.8,9.56,92.5,20,20,25,30,5,85.28,1197 m,Santa Cruz Tepetotutla,Oaxaca,SN,Medardo Arreortua
Perturbado,11,15,,20.02,Movimiento Exploratorio,Moviendose,Hembra,Adulto,01:34:07 a. m.,01:34:07,Agosto,28/08/2018,Lluvias,na,na,18.2,18.3,9.56,92.5,na,na,na,na,na,83.2,1204 m,Santa Cruz Tepetotutla,Oaxaca,SN,Medardo Arreortua
Perturbado,11,16,,14.53,Movimiento Exploratorio,Moviendose,Hembra,Adulto,12:33:13 p. m.,12:33:13,Agosto,28/08/2018,Lluvias,na,na,18.5,18.3,9.56,92.5,na,na,na,na,na,86.32,1222 m,Santa Cruz Tepetotutla,Oaxaca,SN,Medardo Arreortua
Perturbado,11,19,,1.55,Ajuste Local ,Moviendose,Hembra,Adulto,05:18:25 p. m.,17:18:25,Agosto,29/08/2018,Lluvias,na,na,19.6,19.5,9.56,92.5,na,na,na,na,na,87.36,1211 m,Santa Cruz Tepetotutla,Oaxaca,SN,Medardo Arreortua
Perturbado,11,21,,4.9,Ajuste Local ,Descansando,Hembra,Adulto,10:55:25 p. m.,22:55:25,Agosto,29/08/2018,Lluvias,na,na,18.3,18.4,9.56,92.5,na,na,na,na,na,na,1209 m,Santa Cruz Tepetotutla,Oaxaca,SN,Medardo Arreortua
Perturbado,11,17,,16.72,Movimiento Exploratorio,Moviendose,Hembra,Adulto,12:15:39 a. m.,00:15:39,Agosto,29/08/2018,Lluvias,na,na,17.6,17.2,9.56,92.5,na,na,na,na,na,79.04,1208 m,Santa Cruz Tepetotutla,Oaxaca,SN,Medardo Arreortua
Perturbado,11,20,,5.63,Movimiento Exploratorio,Moviendose,Hembra,Adulto,08:08:51 p. m.,20:08:51,Agosto,29/08/2018,Lluvias,Na,na,19.2,19.2,9.56,92.5,na,na,na,na,na,82.16,1211 m,Santa Cruz Tepetotutla,Oaxaca,SN,Medardo Arreortua
Perturbado,11,18,,10.77,Movimiento Exploratorio,Moviendose,Hembra,Adulto,09:44:05 a. m.,09:44:05,Agosto,29/08/2018,Lluvias,na,na,18.3,18.2,9.56,92.5,na,na,na,na,na,83.2,1191 m,Santa Cruz Tepetotutla,Oaxaca,SN,Medardo Arreortua
Perturbado,11,23,,3.5,Ajuste Local ,Descansando,Hembra,Adulto,05:02:00 p. m.,17:02:00,Agosto,30/08/2018,Lluvias,77,24.3,20,20.1,9.56,92.5,20,10,50,10,10,84.24,1208 m,Santa Cruz Tepetotutla,Oaxaca,SN,Medardo Arreortua
Perturbado,11,22,,1.06,Ajuste Local ,Descansando,Hembra,Adulto,12:10:43 p. m.,12:10:43,Agosto,30/08/2018,Lluvias,na,na,19.8,19.7,9.56,92.5,na,na,na,na,na,na,1216 m,Santa Cruz Tepetotutla,Oaxaca,SN,Medardo Arreortua
Perturbado,11,24,,0,Refugiado,Refugiado,Hembra,Adulto,11:32:00 a. m.,11:32:00,Agosto,31/08/2018,Lluvias,80,23.5,19,20,9.56,92.5,20,10,50,10,10,84.24,1208 m,Santa Cruz Tepetotutla,Oaxaca,SN,Medardo Arreortua
Perturbado,11,25,,0,Refugiado,Refugiado,Hembra,Adulto,05:08:12 p. m.,17:08:12,Agosto,31/08/2018,Lluvias,80,22,19,19.9,9.56,92.5,20,10,50,10,10,84.24,1208 m,Santa Cruz Tepetotutla,Oaxaca,SN,Medardo Arreortua
Perturbado,12,1,,21.46,Movimiento Exploratorio,Moviendose,Hembra,Adulto,07:56:47 p. m.,19:56:47,Agosto,25/08/2018,Lluvias,na,19.9,19.5,18.6,10.15,111,10,30,5,20,10,78,1209 m,Santa Cruz Tepetotutla,Oaxaca,SN,Medardo Arreortua
Perturbado,12,2,,11.48,Movimiento Exploratorio,Moviendose,Hembra,Adulto,10:37:37 p. m.,22:37:37,Agosto,25/08/2018,Lluvias, ,18.5,18.5,18,10.15,111,10,20,30,10,20,85.28,1195 m,Santa Cruz Tepetotutla,Oaxaca,SN,Medardo Arreortua
Perturbado,12,3,,7.74,Movimiento Exploratorio,Moviendose,Hembra,Adulto,02:43:28 a. m.,02:43:28,Agosto,26/08/2018,Lluvias, ,18.1,17.5,17,10.15,111,30,10,40,5,5,80.08,1210 m,Santa Cruz Tepetotutla,Oaxaca,SN,Medardo Arreortua
Perturbado,12,5,,27.46,Movimiento Exploratorio,Moviendose,Hembra,Adulto,09:16:13 p. m.,21:16:13,Agosto,26/08/2018,Lluvias, ,18.2,18.2,18,10.15,111,30,10,20,10,10,84.24,1190 m,Santa Cruz Tepetotutla,Oaxaca,SN,Medardo Arreortua
Perturbado,12,4,,11.51,Movimiento Exploratorio,Moviendose,Hembra,Adulto,10:42:06 a. m.,10:42:06,Agosto,26/08/2018,Lluvias, ,19.4,19.3,18.5,10.15,111,20,10,40,10,20,85.28,1206 m,Santa Cruz Tepetotutla,Oaxaca,SN,Medardo Arreortua
Perturbado,12,6,,6.12,Movimiento Exploratorio,Moviendose,Hembra,Adulto,01:14:43 a. m.,01:14:43,Agosto,27/08/2018,Lluvias,na,18.5,18.6,17.6,10.15,111,20,15,25,20,20,81.12,1178 m,Santa Cruz Tepetotutla,Oaxaca,SN,Medardo Arreortua
Perturbado,12,7,,14.72,Movimiento Exploratorio,Moviendose,Hembra,Adulto,11:34:09 a. m.,11:34:09,Agosto,27/08/2018,Lluvias,na,20.1,20.1,19.6,10.15,111,30,20,25,15,5,87.36,1187 m,Santa Cruz Tepetotutla,Oaxaca,SN,Medardo Arreortua
Perturbado,12,9,,4.24,Ajuste Local ,Moviendose,Hembra,Adulto,12:57:01 p. m.,12:57:01,Agosto,28/08/2018,Lluvias,na,19,19,19,10.15,111,20,30,10,10,20,84.24,1204 m,Santa Cruz Tepetotutla,Oaxaca,SN,Medardo Arreortua
Perturbado,12,8,,10.16,Movimiento Exploratorio,Moviendose,Hembra,Adulto,02:04:02 a. m.,02:04:02,Agosto,28/08/2018,Lluvias,na,17.2,17.2,17,10.15,111,30,10,25,25,10,84.24,1195 m,Santa Cruz Tepetotutla,Oaxaca,SN,Medardo Arreortua
Perturbado,12,11,,0,Refugiado,Moviendose,Hembra,Adulto,09:57:42 a. m.,09:57:42,Agosto,29/08/2018,Lluvias,na,18.6,18.5,18,10.15,111,20,10,20,25,25,87.36,1178 m,Santa Cruz Tepetotutla,Oaxaca,SN,Medardo Arreortua
Perturbado,12,13,,8.55,Movimiento Exploratorio,Moviendose,Hembra,Adulto,08:21:23 p. m.,20:21:23,Agosto,29/08/2018,Lluvias,na,18.5,18.5,17.8,10.15,111,15,10,20,40,10,79.04,1177 m,Santa Cruz Tepetotutla,Oaxaca,SN,Medardo Arreortua
Perturbado,12,10,,20.21,Movimiento Exploratorio,Moviendose,Hembra,Adulto,01:01:27 a. m.,01:01:27,Agosto,29/08/2018,Lluvias,na,17,16.9,16,10.15,111,30,10,10,25,25,81.12,1179 m,Santa Cruz Tepetotutla,Oaxaca,SN,Medardo Arreortua
Perturbado,12,12,,6.73,Movimiento Exploratorio,Moviendose,Hembra,Adulto,05:33:00 p. m.,17:33:00,Agosto,29/08/2018,Lluvias,na,19.3,18.9,18,10.15,111,30,10,20,20,20,82.16,1195 m,Santa Cruz Tepetotutla,Oaxaca,SN,Medardo Arreortua
Perturbado,12,14,,4.78,Ajuste Local ,Descansando,Hembra,Adulto,12:51:53 p. m.,12:51:53,Agosto,30/08/2018,Lluvias,na,18.4,18.4,17,10.15,111,15,10,20,40,10,83.2,1197 m,Santa Cruz Tepetotutla,Oaxaca,SN,Medardo Arreortua
Perturbado,12,15,,2.39,Ajuste Local ,Moviendose,Hembra,Adulto,12:46:34 p. m.,12:46:34,Agosto,31/08/2018,Lluvias,na,20.1,21.2,19,10.15,111,20,10,40,20,5,81.12,1196 m,Santa Cruz Tepetotutla,Oaxaca,SN,Medardo Arreortua
Perturbado,12,16,,0,Refugiado,Refugiado,Hembra,Adulto,04:58:01 p. m.,16:58:01,Agosto,31/08/2018,Lluvias,na,20.1,21.2,21,10.15,111,20,10,40,20,5,83.2,1196 m,Santa Cruz Tepetotutla,Oaxaca,SN,Medardo Arreortua
Perturbado,12,17,,0,Refugiado,Refugiado,Hembra,Adulto,07:08:00 p. m.,19:08:00,Agosto,31/08/2018,Lluvias,na,20.1,21.2,21,10.15,111,20,10,40,20,5,83.2,1196 m,Santa Cruz Tepetotutla,Oaxaca,SN,Medardo Arreortua
Perturbado,12,18,,0,Refugiado,Refugiado,Hembra,Adulto,09:05:01 p. m.,21:05:01,Agosto,31/08/2018,Lluvias,na,20.1,21.2,21,10.15,111,20,10,40,20,5,83.2,1196 m,Santa Cruz Tepetotutla,Oaxaca,SN,Medardo Arreortua
Perturbado,13,1,,14.18,Movimiento Exploratorio,Refugiado,Hembra,Adulto,12:14:25 p. m.,12:14:25,Agosto,28/08/2018,Lluvias,80,25,19,18.9,9.93,98,10,40,15,15,10,78.52,1259 m,Santa Cruz Tepetotutla,Oaxaca,SN,Medardo Arreortua
Perturbado,13,7,,0,Refugiado,Refugiado,Hembra,Adulto,11:10:44 p. m.,23:10:44,Agosto,29/08/2018,Lluvias,70,20.4,17.1,17.2,9.93,98,60,0,10,20,10,89.44,1195 m,Santa Cruz Tepetotutla,Oaxaca,SN,Medardo Arreortua
Perturbado,13,4,,3.36,Ajuste Local ,Moviendose,Hembra,Adulto,04:58:51 p. m.,16:58:51,Agosto,29/08/2018,Lluvias,59,28.3,21.6,21.7,9.93,98,40,10,20,20,10,na,1245 m,Santa Cruz Tepetotutla,Oaxaca,SN,Medardo Arreortua
Perturbado,13,3,,13.27,Movimiento Exploratorio,Descansando,Hembra,Adulto,02:53:22 p. m.,14:53:22,Agosto,29/08/2018,Lluvias,73,26,18.1,18.3,9.93,98,20,20,10,20,20,82.16,1231 m,Santa Cruz Tepetotutla,Oaxaca,SN,Medardo Arreortua
Perturbado,13,2,,8.48,Movimiento Exploratorio,Descansando,Hembra,Adulto,01:15:13 a. m.,01:15:13,Agosto,29/08/2018,Lluvias,80,27.3,18.9,18.8,9.93,98,50,5,20,10,10,85.28,1221 m,Santa Cruz Tepetotutla,Oaxaca,SN,Medardo Arreortua
Perturbado,13,6,,7.81,Movimiento Exploratorio,Moviendose,Hembra,Adulto,10:43:04 p. m.,22:43:04,Agosto,29/08/2018,Lluvias,72,21.5,18.9,19.1,9.93,98,60,0,10,20,10,89.44,1240 m,Santa Cruz Tepetotutla,Oaxaca,SN,Medardo Arreortua
Perturbado,13,5,,8.42,Movimiento Exploratorio,Moviendose,Hembra,Adulto,07:55:32 p. m.,19:55:32,Agosto,29/08/2018,Lluvias,71,20.8,20,19.9,9.93,98,na,na,na,na,na,na,1242 m,Santa Cruz Tepetotutla,Oaxaca,SN,Medardo Arreortua
Perturbado,13,8,,4.59,Ajuste Local ,Moviendose,Hembra,Adulto,11:38:39 a. m.,11:38:39,Agosto,30/08/2018,Lluvias,77,23.2,18.5,18.6,9.93,98,30,20,20,15,5,82.16,1245 m,Santa Cruz Tepetotutla,Oaxaca,SN,Medardo Arreortua
Perturbado,13,9,,3.18,Ajuste Local ,Moviendose,Hembra,Adulto,10:45:00 a. m.,10:45:00,Agosto,31/08/2018,Lluvias,85,23.4,20.2,20.4,9.93,98,30,10,20,20,20,78,1230 m,Santa Cruz Tepetotutla,Oaxaca,SN,Medardo Arreortua
Perturbado,13,10,,11.74,Movimiento Exploratorio,Descansando,Hembra,Adulto,04:57:02 p. m.,16:57:02,Agosto,31/08/2018,Lluvias,82,22.1,20.9,20.7,9.93,98,20,20,40,10,10,29.12,1245 m,Santa Cruz Tepetotutla,Oaxaca,SN,Medardo Arreortua
Perturbado,14,1,,2.39,Ajuste Local ,Descansando,Hembra,Adulto,02:08:32 a. m.,02:08:32,Agosto,28/08/2018,Lluvias,69,31.9,19.8,19.7,9.88,119,20,30,20,10,10,83.2,1200 m,Santa Cruz Tepetotutla,Oaxaca,SN,Medardo Arreortua
Perturbado,14,0,,0,Refugiado,Descansando,Hembra,Adulto,01:46:26 a. m.,01:46:26,Agosto,28/08/2018,Lluvias,na,na,na,na,9.88,119,25,10,15,20,30,86.32,1195 m,Santa Cruz Tepetotutla,Oaxaca,SN,Medardo Arreortua
Perturbado,14,2,,10.01,Movimiento Exploratorio,Descansando,Hembra,Adulto,01:06:46 p. m.,13:06:46,Agosto,28/08/2018,Lluvias,76,25.4,17.3,16.8,9.88,119,20,20,20,20,10,87.36,1208 m,Santa Cruz Tepetotutla,Oaxaca,SN,Medardo Arreortua
Perturbado,14,7,,1.53,Ajuste Local ,Termoregulando,Hembra,Adulto,11:06:45 p. m.,23:06:45,Agosto,29/08/2018,Lluvias,70,20,21.5,22.4,9.88,119,30,30,10,10,10,80.08,1201 m,Santa Cruz Tepetotutla,Oaxaca,SN,Medardo Arreortua
Perturbado,14,4,,0,Refugiado,Moviendose,Hembra,Adulto,09:52:04 a. m.,09:52:04,Agosto,29/08/2018,Lluvias,73,20.5,19.1,18.7,9.88,119,20,15,20,20,15,86.32,1184 m,Santa Cruz Tepetotutla,Oaxaca,SN,Medardo Arreortua
Perturbado,14,3,,26.64,Movimiento Exploratorio,alimentandose,Hembra,Adulto,12:51:28 a. m.,00:51:28,Agosto,29/08/2018,Lluvias,73,21.7,18.5,18.4,9.88,119,20,30,10,15,15,83.2,1187 m,Santa Cruz Tepetotutla,Oaxaca,SN,Medardo Arreortua
Perturbado,14,6,,6.72,Movimiento Exploratorio,Moviendose,Hembra,Adulto,08:16:40 p. m.,20:16:40,Agosto,29/08/2018,Lluvias,70,19.3,18.4,18.5,9.88,119,30,10,15,15,20,84.24,1184 m,Santa Cruz Tepetotutla,Oaxaca,SN,Medardo Arreortua
Perturbado,14,5,,14.72,Movimiento Exploratorio,Moviendose,Hembra,Adulto,05:28:19 p. m.,17:28:19,Agosto,29/08/2018,Lluvias,74,20,18.9,18.9,9.88,119,25,10,25,25,15,85.28,1202 m,Santa Cruz Tepetotutla,Oaxaca,SN,Medardo Arreortua
Perturbado,14,8,,1.53,Ajuste Local ,Refugiado,Hembra,Adulto,12:21:36 p. m.,12:21:36,Agosto,30/08/2018,Lluvias,71,19.6,20.9,21,9.88,119,20,10,20,30,20,85.28,1207 m,Santa Cruz Tepetotutla,Oaxaca,SN,Medardo Arreortua
Perturbado,15,0,,0,Refugiado,Moviendose,Hembra,Adulto,03:00:48 a. m.,03:00:48,Agosto,28/08/2018,Lluvias,85,23.2,17.4,18.3,10.2,111,na,na,na,na,na,80.08,1312 m,Santa Cruz Tepetotutla,Oaxaca,SN,Medardo Arreortua
Perturbado,15,3,,0,Refugiado,Refugiado,Hembra,Adulto,09:12:44 a. m.,09:12:44,Agosto,29/08/2018,Lluvias,72,22.6,20.4,20.3,10.2,111,na,na,na,na,na,84.24,1258 m,Santa Cruz Tepetotutla,Oaxaca,SN,Medardo Arreortua
Perturbado,15,2,,3.48,Ajuste Local ,Refugiado,Hembra,Adulto,09:12:44 a. m.,09:12:44,Agosto,29/08/2018,Lluvias,82,24.9,18.4,18.7,10.2,111,na,na,na,na,na,84.24,1258 m,Santa Cruz Tepetotutla,Oaxaca,SN,Medardo Arreortua
Perturbado,15,4,,3.18,Ajuste Local ,Refugiado,Hembra,Adulto,07:35:16 p. m.,19:35:16,Agosto,29/08/2018,Lluvias,73,20.2,18.9,19,10.2,111,na,na,na,na,na,na,1317 m,Santa Cruz Tepetotutla,Oaxaca,SN,Medardo Arreortua
Perturbado,15,1,,5.95,Movimiento Exploratorio,Refugiado,Hembra,Adulto,02:17:15 a. m.,02:17:15,Agosto,29/08/2018,Lluvias,68,26.4,16.2,16,10.2,111,na,na,na,na,na,88.4,1308 m,Santa Cruz Tepetotutla,Oaxaca,SN,Medardo Arreortua
Perturbado,15,5,,9.56,Movimiento Exploratorio,Moviendose,Hembra,Adulto,11:35:56 p. m.,23:35:56,Agosto,29/08/2018,Lluvias,71,18.9,18.5,18.5,10.2,111,na,na,na,na,na,88.4,1301 m,Santa Cruz Tepetotutla,Oaxaca,SN,Medardo Arreortua
Perturbado,15,6,,13.87,Movimiento Exploratorio,Moviendose,Hembra,Adulto,11:20:10 a. m.,11:20:10,Agosto,30/08/2018,Lluvias,82,21.9,20.5,20.5,10.2,111,na,na,na,na,na,88.4,1305 m,Santa Cruz Tepetotutla,Oaxaca,SN,Medardo Arreortua
Perturbado,15,7,,0,Refugiado,Refugiado,Hembra,Adulto,10:10:21 a. m.,10:10:21,Agosto,31/08/2018,Lluvias,87,20.3,18.8,18.6,10.2,111,30,10,40,10,10,83.2,1303 m,Santa Cruz Tepetotutla,Oaxaca,SN,Medardo Arreortua
Perturbado,15,9,,8.12,Movimiento Exploratorio,Refugiado,Hembra,Adulto,10:52:49 p. m.,22:52:49,Agosto,31/08/2018,Lluvias,85,19.4,19.9,19.4,10.2,111,30,10,40,10,10,82.16,1301 m,Santa Cruz Tepetotutla,Oaxaca,SN,Medardo Arreortua
Perturbado,15,8,,6.45,Movimiento Exploratorio,Refugiado,Hembra,Adulto,04:45:21 p. m.,16:45:21,Agosto,31/08/2018,Lluvias,83,21.5,21.3,21.3,10.2,111,30,10,40,10,10,83.2,1310 m,Santa Cruz Tepetotutla,Oaxaca,SN,Medardo Arreortua
Conservado,16,1,10.0,0,Refugiado,Descansando,Macho,Adulto,04:00:16 p. m.,16:00:16,Octubre,13/10/2018,Lluvias,82,20.6,19.2,18.8,7.9,55,60,20,10,5,5,86.32,1554 m,Santa Cruz Tepetotutla,Oaxaca,SN,Medardo Arreortua
Conservado,16,2,,0,Refugiado,Moviendose,Macho,Adulto,08:09:10 p. m.,20:09:10,Octubre,13/10/2018,Lluvias,98,19.3,19.8,18.7,7.9,55,60,10,10,50,10,87.36,1529 m,Santa Cruz Tepetotutla,Oaxaca,SN,Medardo Arreortua
Conservado,16,3,,0,Refugiado,Refugiado,Macho,Adulto,11:00:00 p.m., 23:00:01,Octubre,13/10/2018,Lluvias,98,18.8,18,18,7.9,55,30,10,20,20,20,88.4,1529 m,Santa Cruz Tepetotutla,Oaxaca,SN,Medardo Arreortua
Conservado,16,6,,0,Refugiado,Refugiado,Macho,Adulto,04:58:45 p. m.,16:58:45,Octubre,14/10/2018,Lluvias,95,20.8,19.3,19.3,7.9,55,30,30,10,20,10,89.44,1532 m,Santa Cruz Tepetotutla,Oaxaca,SN,Medardo Arreortua
Conservado,16,5,,0,Refugiado,Refugiado,Macho,Adulto,02:37:35 p. m.,14:37:35,Octubre,14/10/2018,Lluvias,92,20,19.7,19.7,7.9,55,30,10,20,20,20,90.48,1563 m,Santa Cruz Tepetotutla,Oaxaca,SN,Medardo Arreortua
Conservado,16,4,,0,Refugiado,Refugiado,Macho,Adulto,10:51:43 a. m.,10:51:43,Octubre,14/10/2018,Lluvias,98,19.6,18.3,18.4,7.9,55,30,10,20,20,20,91.52,1559 m,Santa Cruz Tepetotutla,Oaxaca,SN,Medardo Arreortua
Conservado,16,8,,14,Movimiento Exploratorio,Moviendose,Macho,Adulto,11:08:22 p. m.,23:08:22,Octubre,14/10/2018,Lluvias,99,19.3,18.6,18.5,7.9,55,40,10,5,20,15,85.28,1549 m,Santa Cruz Tepetotutla,Oaxaca,SN,Medardo Arreortua
Conservado,16,7,,26.3,Movimiento Exploratorio,Moviendose,Macho,Adulto,07:25:00 p. m.,19:25:00,Octubre,14/10/2018,Lluvias,98,19.7,19,19.1,7.9,55,30,30,10,10,20,89.44,1551 m,Santa Cruz Tepetotutla,Oaxaca,SN,Medardo Arreortua
Conservado,16,10,,4.59,Ajuste Local ,Moviendose,Macho,Adulto,12:50:31 p. m.,12:50:31,Octubre,15/10/2018,Lluvias,98,20.3,19.4,19.5,7.9,55,30,10,30,20,10,83.2,1537 m,Santa Cruz Tepetotutla,Oaxaca,SN,Medardo Arreortua
Conservado,16,11,,0,Refugiado,Refugiado,Macho,Adulto,03:36:15 p. m.,15:36:15,Octubre,15/10/2018,Lluvias,98,20.2,19.5,19.5,7.9,55,30,10,30,20,10,83.2,1546 m,Santa Cruz Tepetotutla,Oaxaca,SN,Medardo Arreortua
Conservado,16,12,,4.24,Ajuste Local ,Moviendose,Macho,Adulto,07:37:09 p. m.,19:37:09,Octubre,15/10/2018,Lluvias,98,18,17.6,17.5,7.9,55,60,20,5,5,15,87.36,1548 m,Santa Cruz Tepetotutla,Oaxaca,SN,Medardo Arreortua
Conservado,16,13,,0,Refugiado,Refugiado,Macho,Adulto,10:04:36 p. m.,22:04:36,Octubre,15/10/2018,Lluvias,98,17.7,17.7,17.6,7.9,55,60,20,5,5,15,87.36,1533 m,Santa Cruz Tepetotutla,Oaxaca,SN,Medardo Arreortua
Conservado,16,9,,14.61,Movimiento Exploratorio,Descansando,Macho,Adulto,01:08:34 a. m.,01:08:34,Octubre,15/10/2018,Lluvias,90,18.3,18.6,18.8,7.9,55,40,10,5,20,15,85.28,1523 m,Santa Cruz Tepetotutla,Oaxaca,SN,Medardo Arreortua
Conservado,16,15,,3.32,Ajuste Local ,Refugiado,Macho,Adulto,02:14:20 p. m.,14:14:20,Octubre,16/10/2018,Lluvias,95,17.8,18.5,18.6,7.9,55,60,10,5,20,5,84.24,1549 m,Santa Cruz Tepetotutla,Oaxaca,SN,Medardo Arreortua
Conservado,16,14,,0,Refugiado,Refugiado,Macho,Adulto,01:13:24 a. m.,01:13:24,Octubre,16/10/2018,Lluvias,95,17.8,18.2,18.1,7.9,55,60,20,5,5,15,87.36,1532 m,Santa Cruz Tepetotutla,Oaxaca,SN,Medardo Arreortua
Conservado,16,16,,9.26,Movimiento Exploratorio,Refugiado,Macho,Adulto,10:32:50 p. m.,22:32:50,Octubre,16/10/2018,Lluvias,95,17.1,16.7,16.1,7.9,55,60,10,5,20,5,84.24,1555 m,Santa Cruz Tepetotutla,Oaxaca,SN,Medardo Arreortua
Conservado,16,17,,12.29,Movimiento Exploratorio,Moviendose,Macho,Adulto,12:59:00 a. m.,00:59:00,Octubre,17/10/2018,Lluvias,98,16.2,16.5,16.8,7.9,55,na,na,na,na,na,na,1549 m,Santa Cruz Tepetotutla,Oaxaca,SN,Medardo Arreortua
Conservado,16,18,,16.16,Movimiento Exploratorio,Moviendose,Macho,Adulto,03:36:02 p. m.,15:36:02,Octubre,17/10/2018,Lluvias,99,15,15.9,15.7,7.9,55,na,na,na,na,na,na,1540 m,Santa Cruz Tepetotutla,Oaxaca,SN,Medardo Arreortua
Conservado,16,19,,20.36,Movimiento Exploratorio,Moviendose,Macho,Adulto,07:48:53 p. m.,19:48:53,Octubre,17/10/2018,Lluvias,98,16,15.8,15.9,7.9,55,na,na,na,na,na,na,1541 m,Santa Cruz Tepetotutla,Oaxaca,SN,Medardo Arreortua
Conservado,16,20,,2.21,Ajuste Local ,Refugiado,Macho,Adulto,10:22:06 a. m.,10:22:06,Octubre,18/10/2018,Lluvias,98,16,16.1,16,7.9,55,na,na,na,na,na,na,1526 m,Santa Cruz Tepetotutla,Oaxaca,SN,Medardo Arreortua
Conservado,17,1,15.0,0,Refugiado,Moviendose,Hembra,Adulto,08:43:03 p. m.,20:43:03,Octubre,13/10/2018,Lluvias,92,19.7,18.6,18.5,8.5,56,30,30,10,5,5,84.24,1526 m,Santa Cruz Tepetotutla,Oaxaca,SN,Medardo Arreortua
Conservado,17,5,,0,Refugiado,Refugiado,Hembra,Adulto,05:04:08 p. m.,17:04:08,Octubre,14/10/2018,Lluvias,95,20.8,19.2,19.3,8.5,56,25,25,10,20,20,85.28,1550 m,Santa Cruz Tepetotutla,Oaxaca,SN,Medardo Arreortua
Conservado,17,6,,4.9,Ajuste Local ,Moviendose,Hembra,Adulto,07:35:46 p. m.,19:35:46,Octubre,14/10/2018,Lluvias,98,19.7,19,19.1,8.5,56,30,50,5,5,10,91.52,1546 m,Santa Cruz Tepetotutla,Oaxaca,SN,Medardo Arreortua
Conservado,17,4,,16.86,Movimiento Exploratorio,Refugiado,Hembra,Adulto,02:44:14 p. m.,14:44:14,Octubre,14/10/2018,Lluvias,98,19.6,18.3,18.4,8.5,56,25,25,10,20,20,83.2,1508 m,Santa Cruz Tepetotutla,Oaxaca,SN,Medardo Arreortua
Conservado,17,3,,19.09,Movimiento Exploratorio,Refugiado,Hembra,Adulto,11:00:56 a. m.,11:00:56,Octubre,14/10/2018,Lluvias,92,19.6,18.7,18.7,8.5,56,25,25,10,20,20,89.44,1552 m,Santa Cruz Tepetotutla,Oaxaca,SN,Medardo Arreortua
Conservado,17,2,,16.86,Movimiento Exploratorio,Refugiado,Hembra,Adulto,02:44:14 p. m.,14:44:14,Octubre,14/10/2018,Lluvias,92,18.5,18.4,18.5,8.5,56,50,20,5,10,15,92.56,1508 m,Santa Cruz Tepetotutla,Oaxaca,SN,Medardo Arreortua
Conservado,17,7,,14.18,Movimiento Exploratorio,Descansando,Hembra,Adulto,11:18:30 p. m.,23:18:30,Octubre,14/10/2018,Lluvias,99,20.3,18.9,19,8.5,56,na,na,na,na,na,na,1550 m,Santa Cruz Tepetotutla,Oaxaca,SN,Medardo Arreortua
Conservado,17,10,,0,Refugiado,Refugiado,Hembra,Adulto,12:58:15 p. m.,12:58:15,Octubre,15/10/2018,Lluvias,95,20.5,19.4,19.6,8.5,56,60,10,0,10,20,89.44,1539 m,Santa Cruz Tepetotutla,Oaxaca,SN,Medardo Arreortua
Conservado,17,11,,0,Refugiado,Refugiado,Hembra,Adulto,07:47:16 p. m.,19:47:16,Octubre,15/10/2018,Lluvias,98,18,17.5,17.4,8.5,56,60,10,0,10,20,89.44,1547 m,Santa Cruz Tepetotutla,Oaxaca,SN,Medardo Arreortua
Conservado,17,12,,0,Refugiado,Refugiado,Hembra,Adulto,10:13:31 p. m.,22:13:31,Octubre,15/10/2018,Lluvias,98,18,17.6,17.7,8.5,56,60,10,0,10,20,89.44,1539 m,Santa Cruz Tepetotutla,Oaxaca,SN,Medardo Arreortua
Conservado,17,9,,23.67,Movimiento Exploratorio,Refugiado,Hembra,Adulto,12:58:15 p. m.,12:58:15,Octubre,15/10/2018,Lluvias,95,20.5,19.4,19.6,8.5,56,60,10,0,10,20,89.44,1539 m,Santa Cruz Tepetotutla,Oaxaca,SN,Medardo Arreortua
Conservado,17,8,,9.96,Movimiento Exploratorio,Descansando,Hembra,Adulto,01:34:16 a. m.,01:34:16,Octubre,15/10/2018,Lluvias,90,18.3,18.6,18.7,8.5,56,na,na,na,na,na,na,1534 m,Santa Cruz Tepetotutla,Oaxaca,SN,Medardo Arreortua
Conservado,17,15,,0,Refugiado,Moviendose,Hembra,Adulto,10:45:57 p. m.,22:45:57,Octubre,16/10/2018,Lluvias,99,17.1,16.5,16.8,8.5,56,80,5,5,5,5,82.16,1551 m,Santa Cruz Tepetotutla,Oaxaca,SN,Medardo Arreortua
Conservado,17,13,,0,Refugiado,Refugiado,Hembra,Adulto,01:18:49 a. m.,01:18:49,Octubre,16/10/2018,Lluvias,95,18,17.9,17.8,8.5,56,60,10,0,10,20,89.44,1530 m,Santa Cruz Tepetotutla,Oaxaca,SN,Medardo Arreortua
Conservado,17,14,,8.43,Movimiento Exploratorio,Refugiado,Hembra,Adulto,02:24:08 p. m.,14:24:08,Octubre,16/10/2018,Lluvias,95,18.7,18.2,18.4,8.5,56,80,5,5,5,5,82.16,1547 m,Santa Cruz Tepetotutla,Oaxaca,SN,Medardo Arreortua
Conservado,17,16,,7.66,Movimiento Exploratorio,Moviendose,Hembra,Adulto,03:49:33 p. m.,15:49:33,Octubre,17/10/2018,Lluvias,99,16,16.2,16.5,8.5,56,70,10,5,5,5,81.12,1540 m,Santa Cruz Tepetotutla,Oaxaca,SN,Medardo Arreortua
Conservado,17,17,,14.54,Movimiento Exploratorio,Refugiado,Hembra,Adulto,08:10:44 p. m.,20:10:44,Octubre,17/10/2018,Lluvias,99,15,16,15.9,8.5,56,20,20,10,10,10,82.16,1543 m,Santa Cruz Tepetotutla,Oaxaca,SN,Medardo Arreortua
Conservado,17,18,,5.45,Movimiento Exploratorio,Refugiado,Hembra,Adulto,10:59:30 a. m.,10:59:30,Octubre,18/10/2018,Lluvias,99,15,16,15.9,8.5,56,20,20,10,10,10,82.16,1539 m,Santa Cruz Tepetotutla,Oaxaca,SN,Medardo Arreortua
Conservado,18,1,,0,Refugiado,Moviendose,Hembra,Adulto,11:50:00 p.m., 23:50:00,Octubre,13/10/2018,Lluvias,92,19,18.5,18.4,8.75,54,50,10,10,15,15,84.24,1526 m,Santa Cruz Tepetotutla,Oaxaca,SN,Medardo Arreortua
Conservado,18,2,,0,Refugiado,Refugiado,Hembra,Adulto,11:14:04 a. m.,11:14:04,Octubre,14/10/2018,Lluvias,92,19.8,18.6,18.6,8.75,54,50,10,10,15,15,84.24,1551 m,Santa Cruz Tepetotutla,Oaxaca,SN,Medardo Arreortua
Conservado,18,3,,1.53,Ajuste Local ,Refugiado,Hembra,Adulto,02:50:32 p. m.,14:50:32,Octubre,14/10/2018,Lluvias,98,20.5,19.7,19.6,8.75,54,50,10,10,15,15,84.24,1518 m,Santa Cruz Tepetotutla,Oaxaca,SN,Medardo Arreortua
Conservado,18,6,,23.54,Movimiento Exploratorio,Moviendose,Hembra,Adulto,11:26:40 p. m.,23:26:40,Octubre,14/10/2018,Lluvias,95,21,18.8,18.7,8.75,54,20,50,10,10,10,82.16,1548 m,Santa Cruz Tepetotutla,Oaxaca,SN,Medardo Arreortua
Conservado,18,4,,7.66,Movimiento Exploratorio,Refugiado,Hembra,Adulto,05:06:36 p. m.,17:06:36,Octubre,14/10/2018,Lluvias,98,21.2,19.5,19.4,8.75,54,50,10,10,15,15,84.24,1551 m,Santa Cruz Tepetotutla,Oaxaca,SN,Medardo Arreortua
Conservado,18,5,,7.5,Movimiento Exploratorio,Refugiado,Hembra,Adulto,07:44:11 p. m.,19:44:11,Octubre,14/10/2018,Lluvias,98,20,19,18.9,8.75,54,50,10,10,15,15,84.24,1548 m,Santa Cruz Tepetotutla,Oaxaca,SN,Medardo Arreortua
Conservado,18,8,,4.55,Ajuste Local ,Refugiado,Hembra,Adulto,01:09:12 p. m.,13:09:12,Octubre,15/10/2018,Lluvias,98,20,19.5,19.4,8.75,54,50,10,5,10,10,84.24,1537 m,Santa Cruz Tepetotutla,Oaxaca,SN,Medardo Arreortua
Conservado,18,7,,20.36,Movimiento Exploratorio,Moviendose,Hembra,Adulto,01:42:25 a. m.,01:42:25,Octubre,15/10/2018,Lluvias,99,20,18.9,18.8,8.75,54,20,50,10,10,10,82.16,1534 m,Santa Cruz Tepetotutla,Oaxaca,SN,Medardo Arreortua
Conservado,18,10,,16.72,Movimiento Exploratorio,Moviendose,Hembra,Adulto,07:58:47 p. m.,19:58:47,Octubre,15/10/2018,Lluvias,95,18,18,17.9,8.75,54,40,20,10,15,15,83.2,1539 m,Santa Cruz Tepetotutla,Oaxaca,SN,Medardo Arreortua
Conservado,18,9,,6.38,Movimiento Exploratorio,Refugiado,Hembra,Adulto,03:46:34 p. m.,15:46:34,Octubre,15/10/2018,Lluvias,98,21.2,19.1,19.1,8.75,54,50,10,5,10,10,84.24,1542 m,Santa Cruz Tepetotutla,Oaxaca,SN,Medardo Arreortua
Conservado,18,11,,15.21,Movimiento Exploratorio,Moviendose,Hembra,Adulto,10:23:54 p. m.,22:23:54,Octubre,15/10/2018,Lluvias,99,18,17.6,17.5,8.75,54,20,30,20,15,15,84.24,1535 m,Santa Cruz Tepetotutla,Oaxaca,SN,Medardo Arreortua
Conservado,18,13,,9.81,Movimiento Exploratorio,Moviendose,Hembra,Adulto,02:29:18 p. m.,14:29:18,Octubre,16/10/2018,Lluvias,92,19.5,18.2,18.4,8.75,54,30,25,10,10,25,83.2,1543 m,Santa Cruz Tepetotutla,Oaxaca,SN,Medardo Arreortua
Conservado,18,12,,8.48,Movimiento Exploratorio,Moviendose,Hembra,Adulto,01:25:16 a. m.,01:25:16,Octubre,16/10/2018,Lluvias,99,18.2,17.8,17.7,8.75,54,40,20,10,15,15,87.36,1526 m,Santa Cruz Tepetotutla,Oaxaca,SN,Medardo Arreortua
Conservado,18,14,,6.25,Movimiento Exploratorio,Refugiado,Hembra,Adulto,10:53:12 p. m.,22:53:12,Octubre,16/10/2018,Lluvias,99,17,16.1,16.2,8.75,54,30,20,10,15,20,92.56,1546 m,Santa Cruz Tepetotutla,Oaxaca,SN,Medardo Arreortua
Conservado,18,15,,0,Refugiado,Refugiado,Hembra,Adulto,01:13:40 a. m.,01:13:40,Octubre,17/10/2018,Lluvias,98,16.5,16.2,16.5,8.75,54,30,20,10,15,25,92.56,1536 m,Santa Cruz Tepetotutla,Oaxaca,SN,Medardo Arreortua
Conservado,18,16,,9.79,Movimiento Exploratorio,Moviendose,Hembra,Adulto,03:56:09 p. m.,15:56:09,Octubre,17/10/2018,Lluvias,99,16,16.3,16.3,8.75,54,40,5,15,10,20,83.2,1534 m,Santa Cruz Tepetotutla,Oaxaca,SN,Medardo Arreortua
Conservado,18,17,,6.38,Movimiento Exploratorio,Moviendose,Hembra,Adulto,08:14:52 p. m.,20:14:52,Octubre,17/10/2018,Lluvias,99,15,15.9,15.7,8.75,54,na,na,na,na,na,na,1535 m,Santa Cruz Tepetotutla,Oaxaca,SN,Medardo Arreortua
Conservado,18,18,,16.99,Movimiento Exploratorio,Refugiado,Hembra,Adulto,11:14:49 a. m.,11:14:49,Octubre,18/10/2018,Lluvias,99,16,16.5,16.8,8.75,54,na,na,na,na,na,na,1533 m,Santa Cruz Tepetotutla,Oaxaca,SN,Medardo Arreortua
Conservado,19,1,,0,Refugiado,Refugiado,Hembra,Adulto,11:55:11 p. m.,23:55:11,Octubre,13/10/2018,Lluvias,92,19,19,18.1,8.81,54,40,10,10,20,5,82.16,1550 m,Santa Cruz Tepetotutla,Oaxaca,SN,Medardo Arreortua
Conservado,19,2,,0,Refugiado,Refugiado,Hembra,Adulto,11:24:11 a. m.,11:24:11,Octubre,14/10/2018,Lluvias,98,20,18.7,18.8,8.81,54,60,0,20,5,15,82.16,1550 m,Santa Cruz Tepetotutla,Oaxaca,SN,Medardo Arreortua
Conservado,19,3,,0,Refugiado,Refugiado,Hembra,Adulto,02:55:00 p. m.,14:55:00,Octubre,14/10/2018,Lluvias,98,20,18.7,18.8,8.81,54,60,0,20,5,15,82.16,1550 m,Santa Cruz Tepetotutla,Oaxaca,SN,Medardo Arreortua
Conservado,19,4,,0,Refugiado,Refugiado,Hembra,Adulto,05:10:11 p. m.,17:10:11,Octubre,14/10/2018,Lluvias,98,20,18.7,18.8,8.81,54,60,0,20,5,15,82.16,1550 m,Santa Cruz Tepetotutla,Oaxaca,SN,Medardo Arreortua
Conservado,19,7,,0,Refugiado,Refugiado,Hembra,Adulto,01:44:00 a. m.,01:44:00,Octubre,14/10/2018,Lluvias,99,20,18.6,18.7,8.81,54,30,40,10,5,5,88.4,1553 m,Santa Cruz Tepetotutla,Oaxaca,SN,Medardo Arreortua
Conservado,19,8,,0,Refugiado,Refugiado,Hembra,Adulto,09:56:00 a. m.,09:56:00,Octubre,14/10/2018,Lluvias,99,20,18.6,18.7,8.81,54,30,40,10,5,5,88.4,1553 m,Santa Cruz Tepetotutla,Oaxaca,SN,Medardo Arreortua
Conservado,19,9,,0,Refugiado,Refugiado,Hembra,Adulto,12:15:00 p. m.,12:15:00,Octubre,14/10/2018,Lluvias,99,20,18.6,18.7,8.81,54,30,40,10,5,5,88.4,1553 m,Santa Cruz Tepetotutla,Oaxaca,SN,Medardo Arreortua
Conservado,19,10,,0,Refugiado,Refugiado,Hembra,Adulto,04:24:00 p. m.,16:24:00,Octubre,14/10/2018,Lluvias,99,20,18.6,18.7,8.81,54,30,40,10,5,5,88.4,1553 m,Santa Cruz Tepetotutla,Oaxaca,SN,Medardo Arreortua
Conservado,19,11,,0,Refugiado,Refugiado,Hembra,Adulto,08:45:00 p. m.,20:45:00,Octubre,14/10/2018,Lluvias,99,20,18.6,18.7,8.81,54,30,40,10,5,5,88.4,1553 m,Santa Cruz Tepetotutla,Oaxaca,SN,Medardo Arreortua
Conservado,19,5,,6.13,Movimiento Exploratorio,Moviendose,Hembra,Adulto,07:55:23 p. m.,19:55:23,Octubre,14/10/2018,Lluvias,99,21.6,18.6,19,8.81,54,30,40,10,5,5,88.4,1549 m,Santa Cruz Tepetotutla,Oaxaca,SN,Medardo Arreortua
Conservado,19,6,,19.2,Movimiento Exploratorio,Refugiado,Hembra,Adulto,11:39:24 p. m.,23:39:24,Octubre,14/10/2018,Lluvias,99,20,18.8,18.7,8.81,54,30,40,10,5,5,88.4,1553 m,Santa Cruz Tepetotutla,Oaxaca,SN,Medardo Arreortua
Conservado,19,12,,0,Refugiado,Refugiado,Hembra,Adulto,12:06:00 a. m.,00:06:00,Octubre,15/10/2018,Lluvias,99,20,18.6,18.7,8.81,54,30,40,10,5,5,88.4,1553 m,Santa Cruz Tepetotutla,Oaxaca,SN,Medardo Arreortua
Conservado,19,13,,0,Refugiado,Refugiado,Hembra,Adulto,10:00:00 a. m.,10:00:00,Octubre,15/10/2018,Lluvias,99,20,18.6,18.7,8.81,54,30,40,10,5,5,88.4,1553 m,Santa Cruz Tepetotutla,Oaxaca,SN,Medardo Arreortua
Conservado,19,14,,0,Refugiado,Refugiado,Hembra,Adulto,01:51:24 p. m.,13:51:24,Octubre,15/10/2018,Lluvias,99,20,18.8,18.7,8.81,54,30,40,10,5,5,88.4,1553 m,Santa Cruz Tepetotutla,Oaxaca,SN,Medardo Arreortua
Conservado,19,15,,0,Refugiado,Refugiado,Hembra,Adulto,03:40:00 p. m.,15:40:00,Octubre,15/10/2018,Lluvias,99,21.2,18.8,18.8,8.81,54,30,40,10,5,5,88.4,1553 m,Santa Cruz Tepetotutla,Oaxaca,SN,Medardo Arreortua
Conservado,19,16,,0,Refugiado,Refugiado,Hembra,Adulto,10:40:00 p. m.,22:40:00,Octubre,15/10/2018,Lluvias,98,18.5,17.6,17.7,8.81,54,30,40,10,5,5,88.4,1553 m,Santa Cruz Tepetotutla,Oaxaca,SN,Medardo Arreortua
Conservado,19,17,,0,Refugiado,Refugiado,Hembra,Adulto,12:10:00 a. m.,00:10:00,Octubre,16/10/2018,Lluvias,98,18.5,17.6,17.7,8.81,54,30,40,10,5,5,88.4,1553 m,Santa Cruz Tepetotutla,Oaxaca,SN,Medardo Arreortua
Conservado,19,18,,0,Refugiado,Refugiado,Hembra,Adulto,10:12:00 a. m.,10:12:00,Octubre,16/10/2018,Lluvias,98,18.5,17.6,17.7,8.81,54,30,40,10,5,5,88.4,1553 m,Santa Cruz Tepetotutla,Oaxaca,SN,Medardo Arreortua
Conservado,19,19,,0,Refugiado,Refugiado,Hembra,Adulto,12:18:00 p. m.,12:18:00,Octubre,16/10/2018,Lluvias,98,18.5,17.6,17.7,8.81,54,30,40,10,5,5,88.4,1553 m,Santa Cruz Tepetotutla,Oaxaca,SN,Medardo Arreortua
Conservado,19,20,,0,Refugiado,Refugiado,Hembra,Adulto,02:42:09 p. m.,14:42:09,Octubre,16/10/2018,Lluvias,95,21,17.6,17.3,8.81,54,30,40,10,5,5,88.4,1549 m,Santa Cruz Tepetotutla,Oaxaca,SN,Medardo Arreortua
Conservado,19,24,,0,Refugiado,Refugiado,Hembra,Adulto,08:00:43 p. m.,20:00:43,Octubre,17/10/2018,Lluvias,99,15,16.1,15.8,8.81,54,40,20,10,10,20,81.12,1559 m,Santa Cruz Tepetotutla,Oaxaca,SN,Medardo Arreortua
Conservado,19,22,,0,Refugiado,Refugiado,Hembra,Adulto,01:23:24 a. m.,01:23:24,Octubre,17/10/2018,Lluvias,98,17.2,16.5,16.7,8.81,54,50,10,10,10,10,89.44,1546 m,Santa Cruz Tepetotutla,Oaxaca,SN,Medardo Arreortua
Conservado,19,21,,29.95,Movimiento Exploratorio,Moviendose,Hembra,Adulto,01:23:24 a. m.,01:23:24,Octubre,17/10/2018,Lluvias,98,17.2,16.5,16.7,8.81,54,50,10,10,10,10,89.44,1546 m,Santa Cruz Tepetotutla,Oaxaca,SN,Medardo Arreortua
Conservado,19,23,,33.73,Movimiento Exploratorio,Moviendose,Hembra,Adulto,04:19:26 p. m.,16:19:26,Octubre,17/10/2018,Lluvias,99,17,17,16,8.81,54,40,10,10,10,20,89.44,1564 m,Santa Cruz Tepetotutla,Oaxaca,SN,Medardo Arreortua
Conservado,19,25,,0,Refugiado,Refugiado,Hembra,Adulto,10:52:29 a. m.,10:52:29,Octubre,18/10/2018,Lluvias,99,15,16.1,15.8,8.81,54,40,20,10,10,20,81.12,1557 m,Santa Cruz Tepetotutla,Oaxaca,SN,Medardo Arreortua
Conservado,20,3,,11.51,Movimiento Exploratorio,Descansando,Macho,Adulto,08:08:48 p. m.,20:08:48,Octubre,15/10/2018,Lluvias,98,18.1,18,17.9,6.81,25,50,10,15,10,10,81.12,1539 m,Santa Cruz Tepetotutla,Oaxaca,SN,Medardo Arreortua
Conservado,20,4,,6.72,Movimiento Exploratorio,Descansando,Macho,Adulto,10:31:28 p. m.,22:31:28,Octubre,15/10/2018,Lluvias,95,18.3,17.8,17.5,6.81,25,40,10,30,5,15,84.24,1537 m,Santa Cruz Tepetotutla,Oaxaca,SN,Medardo Arreortua
Conservado,20,2,,7.74,Movimiento Exploratorio,Moviendose,Macho,Adulto,03:48:05 p. m.,15:48:05,Octubre,15/10/2018,Lluvias,98,21.1,19.1,19,6.81,25,na,na,na,na,na,na,1541 m,Santa Cruz Tepetotutla,Oaxaca,SN,Medardo Arreortua
Conservado,20,1,2.0,0,Refugiado,Moviendose,Macho,Adulto,01:44:18 p. m.,13:44:18,Octubre,15/10/2018,Lluvias,97,20,18,18,6.81,25,40,10,10,20,5,84.24,1538 m,Santa Cruz Tepetotutla,Oaxaca,SN,Medardo Arreortua
Conservado,20,5,,8.43,Movimiento Exploratorio,Refugiado,Macho,Adulto,01:35:42 a. m.,01:35:42,Octubre,16/10/2018,Lluvias,95,18,18.2,18.3,6.81,25,40,10,20,15,15,84.24,1533 m,Santa Cruz Tepetotutla,Oaxaca,SN,Medardo Arreortua
Conservado,20,8,,16.75,Movimiento Exploratorio,Refugiado,Macho,Adulto,11:09:21 p. m.,23:09:21,Octubre,16/10/2018,Lluvias,99,17,17.2,17.1,6.81,25,30,20,10,15,15,84.24,1547 m,Santa Cruz Tepetotutla,Oaxaca,SN,Medardo Arreortua
Conservado,20,6,,0,Refugiado,Refugiado,Macho,Adulto,10:43:00 a. m.,10:43:00,Octubre,16/10/2018,Lluvias,95,18,18.2,18.3,6.81,25,50,5,15,10,20,82.16,1544 m,Santa Cruz Tepetotutla,Oaxaca,SN,Medardo Arreortua
Conservado,20,7,,0,Refugiado,Refugiado,Macho,Adulto,02:51:15 p. m.,14:51:15,Octubre,16/10/2018,Lluvias,95,18,18.2,18.3,6.81,25,50,5,15,10,20,82.16,1544 m,Santa Cruz Tepetotutla,Oaxaca,SN,Medardo Arreortua
Conservado,20,9,,0,Refugiado,Refugiado,Macho,Adulto,11:09:21 p. m.,23:09:21,Octubre,16/10/2018,Lluvias,99,17,17.2,17.1,6.81,25,30,20,10,15,15,85.28,1547 m,Santa Cruz Tepetotutla,Oaxaca,SN,Medardo Arreortua
Conservado,20,10,,0,Refugiado,Refugiado,Macho,Adulto,01:19:51 a. m.,01:19:51,Octubre,17/10/2018,Lluvias,99,16.1,16.7,17.2,6.81,25,30,20,10,15,15,85.28,1540 m,Santa Cruz Tepetotutla,Oaxaca,SN,Medardo Arreortua
Conservado,20,11,,10.73,Movimiento Exploratorio,Refugiado,Macho,Adulto,11:06:16 a. m.,11:06:16,Octubre,18/10/2018,Lluvias,99,16,16,17.2,6.81,25,30,20,10,15,15,88.4,1535 m,Santa Cruz Tepetotutla,Oaxaca,SN,Medardo Arreortua
Conservado,21,2,30.0,10.77,Movimiento Exploratorio,Refugiado,Macho,Adulto,04:14:00 p. m.,16:14:00,Marzo,31/03/2019,Secas,88,17,16.8,16.8,6.21,24,40,10,20,10,20,92.56,1490 m,Santa Cruz Tepetotutla ,Oaxaca,SN,Medardo Arreortúa 
Conservado,21,1,50.0,0,Refugiado,Moviendose,Macho,Adulto,02:02:00 p. m.,14:02:00,Marzo,31/03/2019,Secas,86,17.6,16.3,16.3,6.21,24,40,10,20,10,20,92.56,1454 m,Santa Cruz Tepetotutla ,Oaxaca,SN,Medardo Arreortúa 
Conservado,21,3,30.0,0,Refugiado,Refugiado,Macho,Adulto,07:01:00 p. m.,19:01:00,Marzo,31/03/2019,Secas,87,12.8,12.8,14.2,6.21,24,40,10,20,10,20,92.56,1490 m,Santa Cruz Tepetotutla ,Oaxaca,SN,Medardo Arreortúa 
Conservado,21,4,30.0,0,Refugiado,Refugiado,Macho,Adulto, 11:00:00 p. m., 23:00:00 ,Marzo,31/03/2019,Secas,88,14,14.5,14.5,6.21,24,40,10,20,10,20,92.56,1490 m,Santa Cruz Tepetotutla ,Oaxaca,SN,Medardo Arreortúa 
Conservado,21,5,30.0,0,Refugiado,Refugiado,Macho,Adulto,11:50:00 a. m.,11:50:00,Abril,01/04/2019,Secas,86,16,14.4,14.5,6.21,24,40,10,20,10,20,92.56,1490 m,Santa Cruz Tepetotutla ,Oaxaca,SN,Medardo Arreortúa 
Conservado,21,6,30.0,0,Refugiado,Refugiado,Macho,Adulto,01:17:00 p. m.,13:17:00,Abril,01/04/2019,Secas,87,14.4,14.8,14.8,6.21,24,40,10,20,10,20,92.56,1490 m,Santa Cruz Tepetotutla ,Oaxaca,SN,Medardo Arreortúa 
Conservado,21,7,30.0,0,Refugiado,Refugiado,Macho,Adulto,02:15:00 p. m.,14:15:00,Abril,01/04/2019,Secas,92,14.8,15.1,15.1,6.21,24,40,10,20,10,20,92.56,1490 m,Santa Cruz Tepetotutla ,Oaxaca,SN,Medardo Arreortúa 
Conservado,21,8,30.0,0,Refugiado,Refugiado,Macho,Adulto,04:48:00 p. m.,16:48:00,Abril,01/04/2019,Secas,99,13,13.9,14,6.21,24,40,10,20,10,20,92.56,1490 m,Santa Cruz Tepetotutla ,Oaxaca,SN,Medardo Arreortúa 
Conservado,21,9,30.0,0,Refugiado,Refugiado,Macho,Adulto,06:52:00 p. m.,18:52:00,Abril,01/04/2019,Secas,99,13,13,14,6.21,24,40,10,20,10,20,92.56,1490 m,Santa Cruz Tepetotutla ,Oaxaca,SN,Medardo Arreortúa 
Conservado,21,10,30.0,1,Ajuste Local ,Refugiado,Macho,Adulto,11:30:00 a. m.,11:30:00,Abril,02/04/2019,Secas,97,13.6,14.3,14.2,6.21,24,40,10,20,10,20,92.56,1490 m,Santa Cruz Tepetotutla ,Oaxaca,SN,Medardo Arreortúa 
Conservado,21,11,30.0,0,Refugiado,Refugiado,Macho,Adulto,03:15:00 p. m.,15:15:00,Abril,02/04/2019,Secas,98,14,14,14.2,6.21,24,40,10,20,10,20,92.56,1490 m,Santa Cruz Tepetotutla ,Oaxaca,SN,Medardo Arreortúa 
Conservado,21,12,30.0,0,Refugiado,Refugiado,Macho,Adulto,11:00:00 a. m.,11:00:00,Abril,03/04/2019,Secas,98,17.1,17.5,18,6.21,24,40,10,20,10,20,92.56,1490 m,Santa Cruz Tepetotutla ,Oaxaca,SN,Medardo Arreortúa 
Conservado,21,13,30.0,0,Refugiado,Refugiado,Macho,Adulto,12:26:00 p. m.,12:26:00,Abril,03/04/2019,Secas,92,17.1,17,16.6,6.21,24,40,10,20,10,20,92.56,1490 m,Santa Cruz Tepetotutla ,Oaxaca,SN,Medardo Arreortúa 
Conservado,22,1,20.0,0,Refugiado,Moviendose,Macho,Adulto,06:52:00 p. m.,18:52:00,Abril,01/04/2019,Secas,99,17.6,13.9,14,6.15,22,30,30,10,10,10,87.36,1498 m,Santa Cruz Tepetotutla ,Oaxaca,SN,Medardo Arreortúa 
Conservado,22,2,25.0,1.2,Ajuste Local ,Refugiado,Macho,Adulto,10:22:00 p. m.,22:22:00,Abril,01/04/2019,Secas,98,14,na,14.5,6.15,22,40,10,10,20,20,95.68,1503 m,Santa Cruz Tepetotutla ,Oaxaca,SN,Medardo Arreortúa 
Conservado,22,3,25.0,0,Refugiado,Refugiado,Macho,Adulto,11:24:00 p. m.,23:24:00,Abril,01/04/2019,Secas,99,17.6,13.9,14,6.15,22,40,10,10,20,20,95.68,1501 m,Santa Cruz Tepetotutla ,Oaxaca,SN,Medardo Arreortúa 
Conservado,22,4,25.0,0,Refugiado,Refugiado,Macho,Adulto,10:12:00 a. m.,10:12:00,Abril,02/04/2019,Secas,92,13.5,na,14.4,6.15,22,40,10,10,20,20,95.68,1501 m,Santa Cruz Tepetotutla ,Oaxaca,SN,Medardo Arreortúa 
Conservado,22,5,25.0,0,Refugiado,Refugiado,Macho,Adulto,03:04:00 p. m.,15:04:00,Abril,02/04/2019,Secas,92,13.5,na,14.4,6.15,22,40,10,10,20,20,95.68,1501 m,Santa Cruz Tepetotutla ,Oaxaca,SN,Medardo Arreortúa 
Conservado,22,6,25.0,0,Refugiado,Refugiado,Macho,Adulto,06:12:00 p. m.,18:12:00,Abril,02/04/2019,Secas,95,16,na,15.5,6.15,22,40,10,10,20,20,95.68,1501 m,Santa Cruz Tepetotutla ,Oaxaca,SN,Medardo Arreortúa 
Conservado,22,7,25.0,0,Refugiado,Refugiado,Macho,Adulto,09:22:00 p. m.,21:22:00,Abril,02/04/2019,Secas,98,15,na,15.8,6.15,22,40,10,10,20,20,95.68,1501 m,Santa Cruz Tepetotutla ,Oaxaca,SN,Medardo Arreortúa 
Conservado,22,8,25.0,0,Refugiado,Refugiado,Macho,Adulto,11:04:00 p. m.,23:04:00,Abril,02/04/2019,Secas,96,14,na,14.2,6.15,22,40,10,10,20,20,95.68,1501 m,Santa Cruz Tepetotutla ,Oaxaca,SN,Medardo Arreortúa 
Conservado,22,9,25.0,0,Refugiado,Refugiado,Macho,Adulto,09:44:00 a. m.,09:44:00,Abril,03/04/2019,Secas,96,17,na,18,6.15,22,40,10,10,20,20,95.68,1501 m,Santa Cruz Tepetotutla ,Oaxaca,SN,Medardo Arreortúa 
Conservado,22,10,25.0,0,Refugiado,Refugiado,Macho,Adulto,11:50:00 a. m.,11:50:00,Abril,03/04/2019,Secas,95,18,18.5,18,6.15,22,40,10,10,20,20,95.68,1501 m,Santa Cruz Tepetotutla ,Oaxaca,SN,Medardo Arreortúa 
Conservado,22,11,25.0,0,Refugiado,Refugiado,Macho,Adulto,03:20:00 p. m.,15:20:00,Abril,03/04/2019,Secas,95,18,18.5,18,6.15,22,40,10,10,20,20,95.68,1501 m,Santa Cruz Tepetotutla ,Oaxaca,SN,Medardo Arreortúa 
Conservado,22,12,25.0,0,Refugiado,Refugiado,Macho,Adulto,06:00:00 p. m.,18:00:00,Abril,03/04/2019,Secas,95,18,18.5,18,6.15,22,40,10,10,20,20,95.68,1501 m,Santa Cruz Tepetotutla ,Oaxaca,SN,Medardo Arreortúa 
Conservado,23,3,224.0,10.77,Movimiento Exploratorio,Refugiado,Macho,Adulto,04:38:00 p. m.,16:38:00,Julio ,21/07/2019,Lluvias,84,19.6,20.4,21.2,7.2,55,60,20,10,10,0,91.26,1534 m,Santa Cruz tepetotutla ,Oaxaca,SN,Medardo Arreortua 
Conservado,23,5,229.0,8.81,Movimiento Exploratorio,Refugiado,Macho,Adulto,08:09:51 p. m.,20:09:51,Julio ,21/07/2019,Lluvias,81,15.8,17.2,17,7.2,55,40,10,15,15,20,92.3,1545 m,Santa Cruz tepetotutla ,Oaxaca,SN,Medardo Arreortua 
Conservado,23,4,224.0,0,Refugiado,Refugiado,Macho,Adulto,06:32:43 p. m.,18:32:43,Julio ,21/07/2019,Lluvias,80,17.3,19.1,19.7,7.2,55,40,10,15,15,20,92.3,1534 m,Santa Cruz tepetotutla ,Oaxaca,SN,Medardo Arreortua 
Conservado,23,6,229.0,0,Refugiado,Refugiado,Macho,Adulto,11:14:51 p. m.,23:14:51,Julio ,21/07/2019,Lluvias,81,15.8,17.2,17,7.2,55,40,10,15,15,20,92.3,1545 m,Santa Cruz tepetotutla ,Oaxaca,SN,Medardo Arreortua 
Conservado,23,1,218.4,0,Refugiado,Moviendose,Macho,Adulto,12:10:07 p. m.,12:10:07,Julio ,21/07/2019,Lluvias,95,21,21.3,22,7.2,55,70,0,10,10,10,92.56,1533 m,Santa Cruz tepetotutla ,Oaxaca,SN,Medardo Arreortua 
Conservado,23,2,220.0,4.55,Ajuste Local ,Refugiado,Macho,Adulto,02:40:35 p. m.,14:40:35,Julio ,21/07/2019,Lluvias,79,21.5,20.8,20.9,7.2,55,70,0,10,10,10,92.56,1559 m,Santa Cruz tepetotutla ,Oaxaca,SN,Medardo Arreortua 
Conservado,23,9,238.0,21.25,Movimiento Exploratorio,Moviendose,Macho,Adulto,01:30:49 p. m.,13:30:49,Julio ,22/07/2019,Lluvias,92,19,19.5,19.5,7.2,55,70,10,5,10,5,94.12,1550 m,Santa Cruz tepetotutla ,Oaxaca,SN,Medardo Arreortua 
Conservado,23,7,229.0,0,Refugiado,Refugiado,Macho,Adulto,12:00:51 a. m.,00:00:51,Julio ,22/07/2019,Lluvias,81,15.8,17.2,17,7.2,55,40,10,15,15,20,92.3,1545 m,Santa Cruz tepetotutla ,Oaxaca,SN,Medardo Arreortua 
Conservado,23,8,229.0,0,Refugiado,Refugiado,Macho,Adulto,03:09:00 a. m.,03:09:00,Julio ,22/07/2019,Lluvias,81,15.8,17.2,17,7.2,55,40,10,15,15,20,92.3,1545 m,Santa Cruz tepetotutla ,Oaxaca,SN,Medardo Arreortua 
Conservado,23,10,238.0,0,Refugiado,Refugiado,Macho,Adulto,03:22:00 p. m.,15:22:00,Julio ,22/07/2019,Lluvias,98,22.1,20.1,20,7.2,55,70,10,5,10,5,94.12,1550 m,Santa Cruz tepetotutla ,Oaxaca,SN,Medardo Arreortua 
Conservado,23,11,238.0,0,Refugiado,Refugiado,Macho,Adulto,06:02:00 p. m.,18:02:00,Julio ,22/07/2019,Lluvias,98,18.8,19.2,19.5,7.2,55,70,10,5,10,5,94.12,1550 m,Santa Cruz tepetotutla ,Oaxaca,SN,Medardo Arreortua 
Conservado,23,12,238.0,0,Refugiado,Refugiado,Macho,Adulto,08:32:00 p. m.,20:32:00,Julio ,22/07/2019,Lluvias,92,17,18.3,18.4,7.2,55,70,10,5,10,5,94.12,1550 m,Santa Cruz tepetotutla ,Oaxaca,SN,Medardo Arreortua 
Conservado,23,13,238.0,0,Refugiado,Refugiado,Macho,Adulto,03:06:00 a. m.,03:06:00,Julio ,23/07/2019,Lluvias,92,17,18.3,18.4,7.2,55,70,10,5,10,5,94.12,1550 m,Santa Cruz tepetotutla ,Oaxaca,SN,Medardo Arreortua 
Conservado,23,14,238.0,0,Refugiado,Refugiado,Macho,Adulto,10:55:00 a. m.,10:55:00,Julio ,23/07/2019,Lluvias,95,17.6,18,18.3,7.2,55,70,10,5,10,5,94.12,1550 m,Santa Cruz tepetotutla ,Oaxaca,SN,Medardo Arreortua 
Conservado,23,15,238.0,0,Refugiado,Refugiado,Macho,Adulto,12:50:00 p. m.,12:50:00,Julio ,23/07/2019,Lluvias,95,18.5,18.4,18.7,7.2,55,70,10,5,10,5,94.12,1550 m,Santa Cruz tepetotutla ,Oaxaca,SN,Medardo Arreortua 
Conservado,23,16,238.0,0,Refugiado,Refugiado,Macho,Adulto,02:00:00 p. m.,14:00:00,Julio ,23/07/2019,Lluvias,95,19.3,19.3,19.5,7.2,55,70,10,5,10,5,94.12,1550 m,Santa Cruz tepetotutla ,Oaxaca,SN,Medardo Arreortua 
Conservado,23,17,238.0,0,Refugiado,Refugiado,Macho,Adulto,05:14:00 p. m.,17:14:00,Julio ,23/07/2019,Lluvias,92,20.1,19.1,19.3,7.2,55,70,10,5,10,5,94.12,1550 m,Santa Cruz tepetotutla ,Oaxaca,SN,Medardo Arreortua 
Conservado,23,18,253.0,20.3,Movimiento Exploratorio,Moviendose,Macho,Adulto,11:15:31 a. m.,11:15:31,Julio ,24/07/2019,Lluvias,92,17.6,18,18,7.2,55,60,0,10,15,15,90.22,1550 m,Santa Cruz tepetotutla ,Oaxaca,SN,Medardo Arreortua 
Conservado,23,19,253.0,0,Refugiado,Refugiado,Macho,Adulto,03:50:31 p. m.,15:50:31,Julio ,24/07/2019,Lluvias,95,20,19.9,19.9,7.2,55,60,0,10,15,15,90.22,1550 m,Santa Cruz tepetotutla ,Oaxaca,SN,Medardo Arreortua 
Conservado,23,20,253.0,0,Refugiado,Refugiado,Macho,Adulto,06:30:00 p. m.,18:30:00,Julio ,25/07/2019,Lluvias,92,16,16.5,16.5,7.2,55,60,0,10,15,15,90.22,1550 m,Santa Cruz tepetotutla ,Oaxaca,SN,Medardo Arreortua 
Conservado,23,21,259.0,6.17,Movimiento Exploratorio,Refugiado,Macho,Adulto,12:04:30 a. m.,00:04:30,Julio ,26/07/2019,Lluvias,95,16.8,16.1,16.2,7.2,55,50,10,10,15,15,89.44,1543 m,Santa Cruz tepetotutla ,Oaxaca,SN,Medardo Arreortua 
Conservado,23,22,259.0,0,Refugiado,Refugiado,Macho,Adulto,01:11:00 p. m.,13:11:00,Julio ,26/07/2019,Lluvias,97,18,18.2,18.2,7.2,55,50,10,10,15,15,89.44,1543 m,Santa Cruz tepetotutla ,Oaxaca,SN,Medardo Arreortua 
Conservado,24,1,242.0,0,Refugiado,Moviendose,Macho,Adulto,11:53:40 p. m.,23:53:40,Julio ,21/07/2019,Lluvias,81,15.1,15,15,7.16,40,70,10,10,10,0,90.74,1545 m,Santa Cruz tepetotutla ,Oaxaca,SN,Medardo Arreortua 
Conservado,24,7,259.0,6.67,Movimiento Exploratorio,Refugiado,Macho,Adulto,11:19:00 p. m.,23:19:00,Julio ,22/07/2019,Lluvias,95,18,18.4,18.8,7.16,40,70,5,10,5,5,89.44,1555 m,Santa Cruz tepetotutla ,Oaxaca,SN,Medardo Arreortua 
Conservado,24,3,252.0,15.83,Movimiento Exploratorio,Refugiado,Macho,Adulto,12:49:13 p. m.,12:49:13,Julio ,22/07/2019,Lluvias,98,19,19.5,19.4,7.16,40,70,0,5,10,15,90.22,1563 m,Santa Cruz tepetotutla ,Oaxaca,SN,Medardo Arreortua 
Conservado,24,2,241.0,23.63,Movimiento Exploratorio,Descansando,Macho,Adulto,02:19:42 a. m.,02:19:42,Julio ,22/07/2019,Lluvias,81,15.8,16.5,16.5,7.16,40,70,10,10,10,0,90.74,1535 m,Santa Cruz tepetotutla ,Oaxaca,SN,Medardo Arreortua 
Conservado,24,4,252.0,0,Refugiado,Refugiado,Macho,Adulto,03:09:00 p. m.,15:09:00,Julio ,22/07/2019,Lluvias,93,23.3,20.8,20.9,7.16,40,70,0,5,10,15,90.22,1563 m,Santa Cruz tepetotutla ,Oaxaca,SN,Medardo Arreortua 
Conservado,24,5,252.0,0,Refugiado,Refugiado,Macho,Adulto,05:33:00 p. m.,17:33:00,Julio ,22/07/2019,Lluvias,92,20,19.7,19.8,7.16,40,70,0,5,10,15,90.22,1563 m,Santa Cruz tepetotutla ,Oaxaca,SN,Medardo Arreortua 
Conservado,24,6,252.0,0,Refugiado,Refugiado,Macho,Adulto,08:34:46 p. m.,20:34:46,Julio ,22/07/2019,Lluvias,92,18,na,17.9,7.16,40,70,0,5,10,15,90.22,1549 m,Santa Cruz tepetotutla ,Oaxaca,SN,Medardo Arreortua 
Conservado,24,8,259.0,0,Refugiado,Refugiado,Macho,Adulto,12:56:08 p. m.,12:56:08,Julio ,23/07/2019,Lluvias,92,20.5,20,19.2,7.16,40,70,5,10,5,5,89.44,1556 m,Santa Cruz tepetotutla ,Oaxaca,SN,Medardo Arreortua 
Conservado,24,9,259.0,0,Refugiado,Refugiado,Macho,Adulto,02:46:00 p. m.,14:46:00,Julio ,23/07/2019,Lluvias,92,24.4,20.9,21,7.16,40,70,5,10,5,5,89.44,1557 m,Santa Cruz tepetotutla ,Oaxaca,SN,Medardo Arreortua 
Conservado,24,10,259.0,0,Refugiado,Refugiado,Macho,Adulto,05:30:00 p. m.,17:30:00,Julio ,23/07/2019,Lluvias,92,20.5,19.4,19.4,7.16,40,70,5,10,5,5,89.44,1558 m,Santa Cruz tepetotutla ,Oaxaca,SN,Medardo Arreortua 
Conservado,24,11,255.0,5.71,Movimiento Exploratorio,Refugiado,Macho,Adulto,11:00:55 a. m.,11:00:55,Julio ,24/07/2019,Lluvias,96,17.5,na,18.2,7.16,40,60,10,10,10,10,88.14,1573 m,Santa Cruz tepetotutla ,Oaxaca,SN,Medardo Arreortua 
Conservado,24,12,255.0,0,Refugiado,Refugiado,Macho,Adulto,04:13:00 p. m.,16:13:00,Julio ,24/07/2019,Lluvias,95,19.8,19.8,19.7,7.16,40,60,10,10,10,10,88.14,1573 m,Santa Cruz tepetotutla ,Oaxaca,SN,Medardo Arreortua 
Conservado,24,13,255.0,0,Refugiado,Refugiado,Macho,Adulto,09:38:00 p. m.,21:38:00,Julio ,24/07/2019,Lluvias,98,16,16.6,16.8,7.16,40,60,10,10,10,10,88.14,1573 m,Santa Cruz tepetotutla ,Oaxaca,SN,Medardo Arreortua 
Conservado,24,14,255.0,0,Refugiado,Refugiado,Macho,Adulto,11:00:34 p. m.,23:00:34,Julio ,25/07/2019,Lluvias,98,19.9,17.7,17.5,7.16,40,60,10,10,20,0,na,1537 m,Santa Cruz tepetotutla ,Oaxaca,SN,Medardo Arreortua 
Conservado,24,15,255.0,0,Refugiado,Refugiado,Macho,Adulto,10:22:00 a. m.,10:22:00,Julio ,26/07/2019,Lluvias,97,18,18.2,18.5,7.16,40,60,10,10,20,0,na,1537 m,Santa Cruz tepetotutla ,Oaxaca,SN,Medardo Arreortua 
Conservado,25,2,230.0,26.35,Movimiento Exploratorio,Moviendose,Hembra,Adulto,01:41:34 p. m.,13:41:34,Julio ,22/07/2019,Lluvias,95,23.3,19.9,20.3,9.19,108,70,10,5,5,10,93.86,1554 m,Santa Cruz tepetotutla ,Oaxaca,SN,Medardo Arreortua 
Conservado,25,3,230.0,0,Refugiado,Refugiado,Hembra,Adulto,03:31:00 p. m.,15:31:00,Julio ,22/07/2019,Lluvias,92,22.9,20.3,20.4,9.19,108,60,10,10,10,10,93.86,1555 m,Santa Cruz tepetotutla ,Oaxaca,SN,Medardo Arreortua 
Conservado,25,4,230.0,0,Refugiado,Refugiado,Hembra,Adulto,05:46:04 p. m.,17:46:04,Julio ,22/07/2019,Lluvias,92,18,19.6,19.8,9.19,108,60,10,10,10,10,93.86,1556 m,Santa Cruz tepetotutla ,Oaxaca,SN,Medardo Arreortua 
Conservado,25,1,230.0,0,Refugiado,Moviendose,Hembra,Adulto,02:34:53 a. m.,02:34:53,Julio ,22/07/2019,Lluvias,81,15.6,18.7,16.8,9.19,108,60,10,10,10,10,na,1529 m,Santa Cruz tepetotutla ,Oaxaca,SN,Medardo Arreortua 
Conservado,25,5,255.0,4.59,Ajuste Local ,Moviendose,Hembra,Adulto,08:38:00 p. m.,20:38:00,Julio ,22/07/2019,Lluvias,92,18.1,18.3,18.4,9.19,108,60,10,10,10,10,na,1557 m,Santa Cruz tepetotutla ,Oaxaca,SN,Medardo Arreortua 
Conservado,25,7,259.0,1.06,Ajuste Local ,Moviendose,Hembra,Adulto,11:08:19 a. m.,11:08:19,Julio ,23/07/2019,Lluvias,95,17,18.6,18.8,9.19,108,60,15,5,15,5,88.66,1554 m,Santa Cruz tepetotutla ,Oaxaca,SN,Medardo Arreortua 
Conservado,25,8,259.0,0,Refugiado,Refugiado,Hembra,Adulto,01:00:00 p. m.,13:00:00,Julio ,23/07/2019,Lluvias,92,20.5,20,19,9.19,108,60,15,5,15,5,88.66,1555 m,Santa Cruz tepetotutla ,Oaxaca,SN,Medardo Arreortua 
Conservado,25,9,259.0,0,Refugiado,Refugiado,Hembra,Adulto,02:30:00 p. m.,14:30:00,Julio ,23/07/2019,Lluvias,96,19.1,19.8,20,9.19,108,60,15,5,15,5,88.66,1556 m,Santa Cruz tepetotutla ,Oaxaca,SN,Medardo Arreortua 
Conservado,25,10,259.0,0,Refugiado,Refugiado,Hembra,Adulto,05:21:00 p. m.,17:21:00,Julio ,23/07/2019,Lluvias,92,20.2,19.2,19.4,9.19,108,60,15,5,15,5,88.66,1557 m,Santa Cruz tepetotutla ,Oaxaca,SN,Medardo Arreortua 
Conservado,25,6,255.0,0,Refugiado,Refugiado,Hembra,Adulto,02:59:00 a. m.,02:59:00,Julio ,23/07/2019,Lluvias,98,18,na,17.9,9.19,108,60,10,10,10,10,na,1568 m,Santa Cruz tepetotutla ,Oaxaca,SN,Medardo Arreortua 
Conservado,25,11,262.0,11.87,Movimiento Exploratorio,Moviendose,Hembra,Adulto,11:08:00 a. m.,11:08:00,Julio ,24/07/2019,Lluvias,92,18.6,19.8,20,9.19,108,50,10,20,10,10,na,1563 m,Santa Cruz tepetotutla ,Oaxaca,SN,Medardo Arreortua 
Conservado,25,12,262.0,0,Refugiado,Hidratandose,Hembra,Adulto,03:55:00 p. m.,15:55:00,Julio ,24/07/2019,Lluvias,95,17.5,18.3,18.5,9.19,108,50,10,20,10,10,na,1564 m,Santa Cruz tepetotutla ,Oaxaca,SN,Medardo Arreortua 
Conservado,25,13,262.0,0,Refugiado,Refugiado,Hembra,Adulto,01:32:00 a. m.,01:32:00,Julio ,25/07/2019,Lluvias,98,17,17,17.2,9.19,108,50,10,20,10,10,na,1565 m,Santa Cruz tepetotutla ,Oaxaca,SN,Medardo Arreortua 
Conservado,25,14,262.0,0,Refugiado,Refugiado,Hembra,Adulto,12:58:00 p. m.,12:58:00,Julio ,25/07/2019,Lluvias,98,18,18.2,18.2,9.19,108,50,10,20,10,10,na,1565 m,Santa Cruz tepetotutla ,Oaxaca,SN,Medardo Arreortua 
Conservado,26,1,155.0,0,Refugiado,Moviendose,Hembra,Adulto,12:36:00 p. m.,12:36:00,Julio ,24/07/2019,Lluvias,95,19.7,18,19.1,9.21,98,60,10,20,10,0,90.22,1563 m,Santa Cruz tepetotutla ,Oaxaca,SN,Medardo Arreortua 
Conservado,26,2,155.0,0,Refugiado,Refugiado,Hembra,Adulto,04:35:00 p. m.,16:35:00,Julio ,24/07/2019,Lluvias,92,18.6,19.4,19.4,9.21,98,60,10,20,10,0,90.22,1564 m,Santa Cruz tepetotutla ,Oaxaca,SN,Medardo Arreortua 
Conservado,26,3,160.0,23.3,Movimiento Exploratorio,Moviendose,Hembra,Adulto,10:25:27 a. m.,10:25:27,Julio ,25/07/2019,Lluvias,93,17.7,na,17.7,9.21,98,70,10,20,0,0,89.7,1565 m,Santa Cruz tepetotutla ,Oaxaca,SN,Medardo Arreortua 
Conservado,26,5,132.0,2.45,Ajuste Local ,Moviendose,Hembra,Adulto,01:34:25 p. m.,13:34:25,Julio ,26/07/2019,Lluvias,91,19,18.9,18.9,9.21,98,70,0,10,0,10,89.96,1645 m,Santa Cruz tepetotutla ,Oaxaca,SN,Medardo Arreortua 
Conservado,26,4,160.0,0,Refugiado,Refugiado,Hembra,Adulto,01:38:00 a. m.,01:38:00,Julio ,26/07/2019,Lluvias,96,17,na,16,9.21,98,,,,,,na,1566 m,Santa Cruz tepetotutla ,Oaxaca,SN,Medardo Arreortua 
Conservado,27,2,155.0,9.42,Movimiento Exploratorio,Refugiado,Macho,Adulto,11:40:12 p. m.,23:40:12,Julio ,24/07/2019,Lluvias,98,18,18,18.2,6.78,21.4,50,10,10,10,20,90.74,1538 m,Santa Cruz tepetotutla ,Oaxaca,SN,Medardo Arreortua 
Conservado,27,1,152.0,0,Refugiado,Moviendose,Macho,Adulto,08:08:13 p. m.,20:08:13,Julio ,24/07/2019,Lluvias,95,19,18,18.5,6.78,21.4,50,10,10,10,20,91.26,1516 m,Santa Cruz tepetotutla ,Oaxaca,SN,Medardo Arreortua 
Conservado,27,3,155.0,0,Refugiado,Refugiado,Macho,Adulto,08:45:00 p. m.,20:45:00,Julio ,25/07/2019,Lluvias,92,17,17.5,17.5,6.78,21.4,50,10,10,10,20,90.74,1538 m,Santa Cruz tepetotutla ,Oaxaca,SN,Medardo Arreortua 
Perturbado,28,1,14.0,0,Refugiado,Hidratandose,Hembra,Adulto,01:20:00 a. m.,01:20:00,Julio,21/07/2019,Lluvias,62,15.7,17.8,18.5,9.84,120.3,0,100,0,0,0,na,,Santa Cruz Tepetotutla ,Oaxaca,SN,Medardo Arreortua 
Perturbado,28,3,2.7,0,Refugiado,Refugiado,Hembra,Adulto,06:34:00 p. m.,18:34:00,Julio,21/07/2019,Lluvias,45,23.6,19.9,20,9.84,120.3,60,0,20,10,10,na,,Santa Cruz Tepetotutla ,Oaxaca,SN,Medardo Arreortua 
Perturbado,28,4,2.7,0,Refugiado,Refugiado,Hembra,Adulto,10:01:00 p. m.,22:01:00,Julio,21/07/2019,Lluvias,48,23.3,19.1,19.3,9.84,120.3,60,0,20,10,10,na,,Santa Cruz Tepetotutla ,Oaxaca,SN,Medardo Arreortua 
Perturbado,28,2,2.7,35.1,Movimiento Exploratorio,Refugiado,Hembra,Adulto,12:21:00 p. m.,12:21:00,Julio,21/07/2019,Lluvias,45,23.6,20.6,20.2,9.84,120.3,50,0,20,10,10,na,,Santa Cruz Tepetotutla ,Oaxaca,SN,Medardo Arreortua 
Perturbado,28,5,2.7,0,Refugiado,Refugiado,Hembra,Adulto,12:00:00 a. m.,00:00:00,Julio,22/07/2019,Lluvias,45,22,19.1,19.1,9.84,120.3,60,0,20,10,10,na,,Santa Cruz Tepetotutla ,Oaxaca,SN,Medardo Arreortua 
Perturbado,28,6,2.7,0,Refugiado,Refugiado,Hembra,Adulto,02:06:00 a. m.,02:06:00,Julio,22/07/2019,Lluvias,53,19.2,18.1,18.1,9.84,120.3,60,0,20,10,10,na,,Santa Cruz Tepetotutla ,Oaxaca,SN,Medardo Arreortua 
Perturbado,28,9,65.0,13.33,Movimiento Exploratorio,Moviendose,Hembra,Adulto,10:42:00 p. m.,22:42:00,Julio,22/07/2019,Lluvias,44,21.2,20.1,20.1,9.84,120.3,30,0,20,40,10,na,,Santa Cruz Tepetotutla ,Oaxaca,SN,Medardo Arreortua 
Perturbado,28,8,81.2,28.95,Movimiento Exploratorio,Moviendose,Hembra,Adulto,06:44:00 p. m.,18:44:00,Julio,22/07/2019,Lluvias,50,23.9,21.2,20.7,9.84,120.3,40,0,30,0,0,na,,Santa Cruz Tepetotutla ,Oaxaca,SN,Medardo Arreortua 
Perturbado,28,7,54.1,52.77,Movimiento Exploratorio,Refugiado,Hembra,Adulto,11:00:00 a. m.,11:00:00,Julio,22/07/2019,Lluvias,59,20,19.6,19.5,9.84,120.3,10,10,0,0,70,na,,Santa Cruz Tepetotutla ,Oaxaca,SN,Medardo Arreortua 
Perturbado,28,11,87.0,1.43,Ajuste Local ,Moviendose,Hembra,Adulto,01:17:00 p. m.,13:17:00,Julio,23/07/2019,Lluvias,55,25.3,22.6,22.5,9.84,120.3,30,0,70,0,0,na,,Santa Cruz Tepetotutla ,Oaxaca,SN,Medardo Arreortua 
Perturbado,28,12,82.9,3.09,Ajuste Local ,Moviendose,Hembra,Adulto,04:57:00 p. m.,16:57:00,Julio,23/07/2019,Lluvias,71,23.5,23.3,23.2,9.84,120.3,30,0,70,0,0,na,,Santa Cruz Tepetotutla ,Oaxaca,SN,Medardo Arreortua 
Perturbado,28,10,84.3,21.37,Movimiento Exploratorio,Moviendose,Hembra,Adulto,02:36:00 a. m.,02:36:00,Julio,23/07/2019,Lluvias,69,17.4,18.8,18.6,9.84,120.3,0,0,0,100,0,na,,Santa Cruz Tepetotutla ,Oaxaca,SN,Medardo Arreortua 
Perturbado,28,13,82.9,0,Refugiado,Refugiado,Hembra,Adulto,12:00:00 a. m.,00:00:00,Julio,24/07/2019,Lluvias,50,18.2,18.2,18.1,9.84,120.3,30,0,70,0,0,na,,Santa Cruz Tepetotutla ,Oaxaca,SN,Medardo Arreortua 
Perturbado,28,14,82.9,0,Refugiado,Refugiado,Hembra,Adulto,11:58:00 a. m.,11:58:00,Julio,24/07/2019,Lluvias,53,21.9,21.5,21.5,9.84,120.3,30,0,70,0,0,na,,Santa Cruz Tepetotutla ,Oaxaca,SN,Medardo Arreortua 
Perturbado,28,15,14.8,16,Movimiento Exploratorio,Moviendose,Hembra,Adulto,06:10:00 p. m.,18:10:00,Julio,24/07/2019,Lluvias,68,24.6,20.9,20.8,9.84,120.3,60,0,20,0,20,na,,Santa Cruz Tepetotutla ,Oaxaca,SN,Medardo Arreortua 
Perturbado,28,16,97.1,3.4,Ajuste Local ,Refugiado,Hembra,Adulto,03:23:00 a. m.,03:23:00,Julio,25/07/2019,Lluvias,87,17.5,17.5,17.4,9.84,120.3,60,0,20,0,20,na,,Santa Cruz Tepetotutla ,Oaxaca,SN,Medardo Arreortua 
Perturbado,28,17,97.7,11.81,Movimiento Exploratorio,Moviendose,Hembra,Adulto,03:54:56 p. m.,15:54:56,Julio,25/07/2019,Lluvias,76,21.7,20.3,20.2,9.84,120.3,60,0,20,0,20,na,,Santa Cruz Tepetotutla ,Oaxaca,SN,Medardo Arreortua 
Perturbado,28,18,99.8,7.77,Movimiento Exploratorio,Moviendose,Hembra,Adulto,12:00:00 a. m.,00:00:00,Julio,26/07/2019,Lluvias,73,18.1,17.9,17.8,9.84,120.3,60,0,20,0,20,na,,Santa Cruz Tepetotutla ,Oaxaca,SN,Medardo Arreortua 
Perturbado,28,19,93.5,19.44,Movimiento Exploratorio,Moviendose,Hembra,Adulto,06:00:00 p. m.,18:00:00,Julio,26/07/2019,Lluvias,64,18.8,20,19.8,9.84,120.3,100,0,0,0,0,na,,Santa Cruz Tepetotutla ,Oaxaca,SN,Medardo Arreortua 
Perturbado,29,2,145.0,5.63,Movimiento Exploratorio,Moviendose,Hembra,Adulto,9:38:57 p. m.,21:38:57,Septiembre,17/09/2019,Lluvias,76,18.1,18,18,9.58,109,50,5,20,5,10,93.6,1320 m,Santa Cruz Tepetotutla,Oaxaca,SMO,Medardo Arreortúa
Perturbado,29,1,139.0,0,Refugiado,Descansando,Hembra,Adulto,4:22:20 p. m.,16:22:20,Septiembre,17/09/2019,Lluvias,75,22.1,19.4,19.3,9.58,109,20,5,60,10,5,93.6,1320 m,Santa Cruz Tepetotutla,Oaxaca,SMO,Medardo Arreortúa
Perturbado,29,3,145.0,0,Refugiado,Refugiado,Hembra,Adulto,11:02:00 p. m.,23:02:00,Septiembre,17/09/2019,Lluvias,75,17.9,18.2,18.1,9.58,109,50,5,20,5,10,93.6,1320 m,Santa Cruz Tepetotutla,Oaxaca,SMO,Medardo Arreortúa
Perturbado,29,8,85.9,47.98,Movimiento Exploratorio,Moviendose,Hembra,Adulto,9:10:00 p. m.,21:10:00,Septiembre,18/09/2019,Lluvias,70,18.6,18.1,18.3,9.58,109,40,5,30,25,0,88.92,1305 m,Santa Cruz Tepetotutla,Oaxaca,SMO,Medardo Arreortúa
Perturbado,29,4,145.0,0,Refugiado,Refugiado,Hembra,Adulto,1:10:00 a. m.,01:10:00,Septiembre,18/09/2019,Lluvias,78,18,18.2,18.4,9.58,109,50,5,20,5,10,93.6,1320 m,Santa Cruz Tepetotutla,Oaxaca,SMO,Medardo Arreortúa
Perturbado,29,5,145.0,0,Refugiado,Refugiado,Hembra,Adulto,9:20:00 a. m.,09:20:00,Septiembre,18/09/2019,Lluvias,80,19.6,20,20,9.58,109,50,5,20,5,10,93.6,1320 m,Santa Cruz Tepetotutla,Oaxaca,SMO,Medardo Arreortúa
Perturbado,29,6,145.0,0,Refugiado,Refugiado,Hembra,Adulto,1:15:00 p. m.,13:15:00,Septiembre,18/09/2019,Lluvias,70,23.6,23.2,23.3,9.58,109,50,5,20,5,10,93.6,1320 m,Santa Cruz Tepetotutla,Oaxaca,SMO,Medardo Arreortúa
Perturbado,29,7,145.0,0,Refugiado,Refugiado,Hembra,Adulto,4:40:00 p. m.,16:40:00,Septiembre,18/09/2019,Lluvias,90,22,21.1,21.3,9.58,109,50,5,20,5,10,93.6,1320 m,Santa Cruz Tepetotutla,Oaxaca,SMO,Medardo Arreortúa
Perturbado,29,10,85.9,0,Refugiado,Refugiado,Hembra,Adulto,1:05:00 p. m.,13:05:00,Septiembre,19/09/2019,Lluvias,83,21.3,21.2,21.3,9.58,109,40,5,30,25,0,88.92,1305 m,Santa Cruz Tepetotutla,Oaxaca,SMO,Medardo Arreortúa
Perturbado,29,9,85.9,0,Refugiado,Refugiado,Hembra,Adulto,3:01:00 p. m.,15:01:00,Septiembre,19/09/2019,Lluvias,76,20.9,20,20,9.58,109,40,5,30,25,0,88.92,1305 m,Santa Cruz Tepetotutla,Oaxaca,SMO,Medardo Arreortúa
Perturbado,29,11,85.9,0,Refugiado,Refugiado,Hembra,Adulto,4:31:00 p. m.,16:31:00,Septiembre,19/09/2019,Lluvias,75,26.3,23.4,23.3,9.58,109,40,5,30,25,0,88.92,1305 m,Santa Cruz Tepetotutla,Oaxaca,SMO,Medardo Arreortúa
Perturbado,29,12,85.9,0,Refugiado,Hidratandose,Hembra,Adulto,5:20:00 p. m.,17:20:00,Septiembre,19/09/2019,Lluvias,76,25.1,21.6,21.7,9.58,109,40,5,30,25,0,88.92,1306 m,Santa Cruz Tepetotutla,Oaxaca,SMO,Medardo Arreortúa
Perturbado,29,13,85.9,0,Refugiado,Refugiado,Hembra,Adulto,12:20:00 a. m.,00:20:00,Septiembre,20/09/2019,Lluvias,70,21.1,21,21,9.58,109,40,5,30,25,0,88.92,1307 m,Santa Cruz Tepetotutla,Oaxaca,SMO,Medardo Arreortúa
Perturbado,29,14,85.9,0,Refugiado,Refugiado,Hembra,Adulto,4:40:00 p. m.,16:40:00,Septiembre,20/09/2019,Lluvias,70,20.2,21,19.9,9.58,109,40,5,30,25,0,88.92,1307 m,Santa Cruz Tepetotutla,Oaxaca,SMO,Medardo Arreortúa
Perturbado,29,15,85.9,0,Refugiado,Refugiado,Hembra,Adulto,10:42:00 p. m.,22:42:00,Septiembre,20/09/2019,Lluvias,70,20.1,20.2,20,9.58,109,40,5,30,25,0,88.92,1307 m,Santa Cruz Tepetotutla,Oaxaca,SMO,Medardo Arreortúa
Perturbado,29,17,67.7,21.03,Movimiento Exploratorio,Moviendose,Hembra,Adulto,11:28:00 a. m.,11:28:00,Septiembre,21/09/2019,Lluvias,98,21.9,20,20.9,9.58,109,20,0,60,10,10,81.64,1290 m,Santa Cruz Tepetotutla,Oaxaca,SMO,Medardo Arreortúa
Perturbado,29,18,67.7,0,Refugiado,Descansando,Hembra,Adulto,1:05:00 p. m.,13:05:00,Septiembre,21/09/2019,Lluvias,81,21.8,,21,9.58,109,20,0,60,10,10,81.64,1290 m,Santa Cruz Tepetotutla,Oaxaca,SMO,Medardo Arreortúa
Perturbado,29,19,67.7,0,Refugiado,Refugiado,Hembra,Adulto,3:50:00 p. m.,15:50:00,Septiembre,21/09/2019,Lluvias,75,21.6,,20.8,9.58,109,20,0,60,10,10,81.64,1290 m,Santa Cruz Tepetotutla,Oaxaca,SMO,Medardo Arreortúa
Perturbado,29,20,67.7,0,Refugiado,Refugiado,Hembra,Adulto,9:00:00 p. m.,21:00:00,Septiembre,21/09/2019,Lluvias,82,19.9,,19.5,9.58,109,20,0,60,10,10,81.64,1290 m,Santa Cruz Tepetotutla,Oaxaca,SMO,Medardo Arreortúa
Perturbado,29,21,67.7,0,Refugiado,Refugiado,Hembra,Adulto,11:15:00 p. m.,23:15:00,Septiembre,21/09/2019,Lluvias,77,18.3,,18.9,9.58,109,20,0,60,10,10,81.64,1290 m,Santa Cruz Tepetotutla,Oaxaca,SMO,Medardo Arreortúa
Perturbado,29,16,85.9,0,Refugiado,Descansando,Hembra,Adulto,12:03:00 a. m.,00:03:00,Septiembre,21/09/2019,Lluvias,80,19.6,19.1,19,9.58,109,40,5,30,25,0,88.92,1307 m,Santa Cruz Tepetotutla,Oaxaca,SMO,Medardo Arreortúa
Perturbado,29,22,67.7,0,Refugiado,Refugiado,Hembra,Adulto,10:03:00 a. m.,10:03:00,Septiembre,22/09/2019,Lluvias,90,21.1,,204,9.58,109,20,0,60,10,10,81.64,1290 m,Santa Cruz Tepetotutla,Oaxaca,SMO,Medardo Arreortúa
Perturbado,29,23,67.7,0,Refugiado,Refugiado,Hembra,Adulto,12:00:00 p. m.,12:00:00,Septiembre,22/09/2019,Lluvias,68,23.8,,22.6,9.58,109,20,0,60,10,10,81.64,1290 m,Santa Cruz Tepetotutla,Oaxaca,SMO,Medardo Arreortúa
Perturbado,29,24,67.7,0,Refugiado,Refugiado,Hembra,Adulto,1:45:00 p. m.,13:45:00,Septiembre,22/09/2019,Lluvias,65,22.7,22.4,22.3,9.58,109,20,0,60,10,10,81.64,1290 m,Santa Cruz Tepetotutla,Oaxaca,SMO,Medardo Arreortúa
Perturbado,29,25,67.7,0,Refugiado,Refugiado,Hembra,Adulto,03:25:00: p. m. ,15:25:00,Septiembre,22/09/2019,Lluvias,62,22,,22.2,9.58,109,20,0,60,10,10,81.64,1290 m,Santa Cruz Tepetotutla,Oaxaca,SMO,Medardo Arreortúa
Perturbado,29,26,67.7,0,Refugiado,Refugiado,Hembra,Adulto,6:30:00 p. m.,18:30:00,Septiembre,22/09/2019,Lluvias,68,21,,21.5,9.58,109,20,0,60,10,10,81.64,1290 m,Santa Cruz Tepetotutla,Oaxaca,SMO,Medardo Arreortúa
Perturbado,29,27,67.7,0,Refugiado,Refugiado,Hembra,Adulto,2:40:00 p. m.,14:40:00,Septiembre,24/09/2019,Lluvias,74,24,22.7,22.4,9.58,109,20,0,60,10,10,81.64,1290 m,Santa Cruz Tepetotutla,Oaxaca,SMO,Medardo Arreortúa
Perturbado,30,4,127.0,9.19,Movimiento Exploratorio,Moviendose,Macho,Adulto,3:40:00 p. m.,15:40:00,Septiembre,21/09/2019,Lluvias,75,21,21.4,21.5,7.4,35,20,10,50,10,10,81.64,1280 m,Santa Cruz Tepetotutla,Oaxaca,SMO,Medardo Arreortúa
Perturbado,30,3,128.0,0,Refugiado,Refugiado,Macho,Adulto,12:39:00 p. m.,12:39:00,Septiembre,21/09/2019,Lluvias,98,21.9,20,20.9,7.4,35,20,10,50,10,10,81.64,1280 m,Santa Cruz Tepetotutla,Oaxaca,SMO,Medardo Arreortúa
Perturbado,30,5,127.0,0,Refugiado,Refugiado,Macho,Adulto,6:23:00 p. m.,18:23:00,Septiembre,21/09/2019,Lluvias,76,19,19,19,7.4,35,20,10,50,10,10,81.64,1280 m,Santa Cruz Tepetotutla,Oaxaca,SMO,Medardo Arreortúa
Perturbado,30,6,127.0,0,Refugiado,Refugiado,Macho,Adulto,11:00:00 p. m.,23:00:00,Septiembre,21/09/2019,Lluvias,75,18.3,,18.9,7.4,35,20,10,50,10,10,81.64,1280 m,Santa Cruz Tepetotutla,Oaxaca,SMO,Medardo Arreortúa
Perturbado,30,1,128.0,0,Refugiado,Moviendose,Macho,Adulto,12:30:00 a. m.,00:30:00,Septiembre,21/09/2019,Lluvias,70,18.5,18,18,7.4,35,20,10,50,10,10,84.24,1268 m,Santa Cruz Tepetotutla,Oaxaca,SMO,Medardo Arreortúa
Perturbado,30,2,128.0,0,Refugiado,Refugiado,Macho,Adulto,11:00:00 a. m.,11:00:00,Septiembre,21/09/2019,Lluvias,92,21.6,20,20,7.4,35,20,10,50,10,10,na,1280 m,Santa Cruz Tepetotutla,Oaxaca,SMO,Medardo Arreortúa
Perturbado,30,7,127.0,0,Refugiado,Refugiado,Macho,Adulto,9:50:00 a. m.,09:50:00,Septiembre,22/09/2019,Lluvias,92,18.9,,20.5,7.4,35,20,10,50,10,10,81.64,1280 m,Santa Cruz Tepetotutla,Oaxaca,SMO,Medardo Arreortúa
Perturbado,30,8,127.0,0,Refugiado,Refugiado,Macho,Adulto,12:24:00 p. m.,12:24:00,Septiembre,22/09/2019,Lluvias,65,23.1,27.5,28.3,7.4,35,20,10,50,10,10,81.64,1280 m,Santa Cruz Tepetotutla,Oaxaca,SMO,Medardo Arreortúa
Perturbado,30,9,127.0,0,Refugiado,Refugiado,Macho,Adulto,1:48:00 p. m.,13:48:00,Septiembre,22/09/2019,Lluvias,70,26.6,25.8,25.8,7.4,35,20,10,50,10,10,81.64,1280 m,Santa Cruz Tepetotutla,Oaxaca,SMO,Medardo Arreortúa
Perturbado,30,10,127.0,0,Refugiado,Refugiado,Macho,Adulto,2:30:00 p. m.,14:30:00,Septiembre,22/09/2019,Lluvias,62,22,,22.2,7.4,35,20,10,50,10,10,81.64,1280 m,Santa Cruz Tepetotutla,Oaxaca,SMO,Medardo Arreortúa
Perturbado,30,12,139.9,13.93,Movimiento Exploratorio,Moviendose,Macho,Adulto,11:45:00 a. m.,11:45:00,Septiembre,24/09/2019,Lluvias,70,23,21,21,7.4,35,30,20,30,10,10,81.64,1280 m,Santa Cruz Tepetotutla,Oaxaca,SMO,Medardo Arreortúa
Perturbado,30,11,127.0,0,Refugiado,Refugiado,Macho,Adulto,2:37:00 p. m.,14:37:00,Septiembre,24/09/2019,Lluvias,74,24,22.8,22.7,7.4,35,20,10,50,10,10,81.64,1280 m,Santa Cruz Tepetotutla,Oaxaca,SMO,Medardo Arreortúa
Perturbado,30,13,139.9,0,Refugiado,Refugiado,Macho,Adulto,10:49:00 p. m.,22:49:00,Septiembre,24/09/2019,Lluvias,78,23.1,18.6,18.6,7.4,35,30,20,30,10,10,81.64,1280 m,Santa Cruz Tepetotutla,Oaxaca,SMO,Medardo Arreortúa
